ResponseId,Condition,Group,Stereotype1,Stereotype2,Stereotype3,Stereotype4,Stereotype5,Stereotype6,Stereotype7,Stereotype8,Stereotype9,Stereotype10,VALENCE,Status,Liking,Stereotype1_code_r,Stereotype2_code_r,Stereotype3_code_r,Stereotype4_code_r,Stereotype5_code_r,Stereotype6_code_r,Stereotype7_code_r,Stereotype8_code_r,Stereotype9_code_r,Stereotype10_code_r,class_child,class_now,SES,AMERICAN_ID,WHITE_ID,percentage_1,central,representative,US,US_ID_1,US_ID_2,US_ID_3,US_ID_4,US_ID_5,US_ID_6,US_ID_7,US_ID_8,US_ID_9,US_ID_10,gender,gender2,age,race_1,race_2,race_3,race_4,race_5,race_6,race_7,race_7_TEXT,race_ID_1,race_ID_2,race_ID_3,race_ID_4,race_ID_5,race_ID_6,race_ID_7,race_ID_8,State_child,State_now,self_redneck,self_hick,self_hillbilly,self_whitetrash,self_bluecollar,self_whitecollar,self_WASP,self_1percent,self_trustfund,self_coastalelite,group_others_1,group_others_2,group_others_3,group_others_4,group_others_5,group_others_6,group_others_7,group_others_8,group_others_9,group_others_10,race_ID_1r,race_ID_4r,race_ID_8r,Stereotype1_valence,Stereotype2_valence,Stereotype3_valence,Stereotype4_valence,Stereotype5_valence,Stereotype6_valence,Stereotype7_valence,Stereotype8_valence,Stereotype9_valence,Stereotype10_valence
R_1q9sCQaKubvbER9,0,1,Heavy alcohol drinkers,Blue collar workers,Willfully ignorant,Often work outside getting sunburned necks,Stubborn,Like to argue and fight,Closed-minded,Under-educated,Intolerant,Hunt and kill animals for fun,3.4925,4,4,11, ,3,27,55,54,30,49,30,32,2,3,6,5.5,2.5,95,8,4,1,5,6,6,6,5,6,5,6,5,5,Female,0,52, , , , , ,1, , ,6,3,4,7,2,4,2,6,Illinois,Florida, , , , , ,1, , , , , , , , , , ,1, , , ,2,1,2,3.24, ,2.9,5.29, ,1.76,1.95,4.33,1.95,6.52
R_1jjDsEBgR79TKno,0,1,dumb,ignorant,incestual,republicans, , , , , , ,2.60333333333333,1,1, ,3,19,34, , , , , , ,4,3,5,6,3.375,95,1,1,1,7,6,6,6,5,5,6,6,6,7,male,1,41, , , , , ,1, , ,3,4,1,2,1,7,1,6,louisiana,louisiana, , , , ,1, , , , , ,1, , , ,1, , , , , ,5,6,2, ,2.9,2.1,2.81, , , , , , 
R_3gZruFEg39atn5Y,0,1,stupid,ignorant,lacking intelligence,farmers,leaving junk on their lawn,inbred,braindead,having red necks,mindless,idiotic,3.3275,2,1, ,3,48,27,22,19,48, ,48,48,4,4,7,3.7,1.75,100,8,1,1,6,5,4,5,2,4,3,4,3,1,Male,1,38, , , , , ,1, , ,7,1,1,7,4,1,1,4,Ohio,Ohio, , , , , ,1, , , , , , , , , , ,1,1, , ,1,1,4, ,2.9,3.19,5.29,3.57,2.1,3.19, ,3.19,3.19
R_2VyAReNvfhjuJbe,0,1,uneducated,ignorant,smoke,drink a lot,have a lot of children,stupid,watch a lot of TV,chew tobacco,hunt,are republicans,3.73125,2,3,49,3,45,11,55,48,55,45,32,34,4,3,5,2.7,2.875,94,8,4,1,3,2,2,2,2,2,2,6,3,3,female,0,37, , , , , ,1, , ,5,1,3,3,2,2,2,3,New York,Maryland, , , , , , , , , , , , , , , , , , ,1, ,3,5,5,4.33,2.9,3.43,3.24, ,3.19, ,3.43,6.52,2.81
R_2YlTPnx9mxJkmiN,0,1,Uneducated,Backwards,Trashy,Southerner,Blue collar worker,Outdoorsy,Farmer,Politically conservative,Hick/ poor white folk,Racist,3.92875,3,3,49,3,50,46, ,32,27,34, ,39,3,4,6,7,3.5,93,8,2,1,7,7,7,7,7,7,7,7,7,7,Female,0,62, , , , , ,1, , ,6,4,3,6,6,6,3,6,Illinois,Florida, , , , , ,1, , , , , , , , , , ,1, , , ,2,2,2,4.33,2.9,3.29,5, ,6.52,5.29,2.81, ,1.29
R_3EyhpOsMQtIJyDG,0,1,uneducated,ignorant,dumb,right wing,alcoholics,racists,guns,Christians,narrow minded,overweight,3.281,3,3,49,3,48,34,11,39,23,40,30,33,2,2,7,6.4,4.875,99,8,2,1,7,7,7,5,7,5,5,7,7,7,female,0,71, , , , , ,1, , ,4,6,6,6,6,6,6,5,California,Idaho, , , , , ,1, , , , , , , , , , ,1, , , ,4,2,3,4.33,2.9,3.19,2.81,3.24,1.29,4.05,4.1,1.95,4.95
R_1joE1n8B28VQVnr,0,1,Rude,Unhygenic,Poor,Abusive,Crass,Lazy,Southern,Racist,Discriminatory,Overweight,3.295,2,1,42,4,36,54,51,22,46,39,30,33,4,4,8,3.8,3.375,99,8,3,1,4,5,4,4,3,4,3,3,4,4,Male,1,26, , , , , ,1, , ,6,3,6,5,4,5,3,7,New York,New York, , , , , ,1, , , , , , , , , , ,1, , , ,2,3,1,2.05,2.95,5,1.76,4.43,3.57,5,1.29,1.95,4.95
R_4JFE1kdbTTKm0AF,0,1,White,hardworking,family,trashy,country,hunters,tough,macho,American,men,5.4775,4,5, ,15,55,50,43,32,55,55, ,55,2,3,4,7,7,92,8,8,1,7,7,7,7,7,7,7,7,7,7,Female,0,45, , , , , ,1, , ,1,7,7,1,7,7,7,1,oregon,California, , , , , , ,1, , , , , , , , , , , , ,1,7,7,7, ,7.43, ,3.29,4.67,6.52, , , , 
R_3lEv4Bdx9v9Y6uG,0,1,Ignorance,Obsession with firearms,Obsession with offending other people who think differently,Racism,They are republicans,They support Donald Trump,They enjoy hunting,"They drive beat-up, dirty trucks",They wear MAGA hats,They think medical masks infringe their constitutional rights,3.281,2,3,3,23,42,39,34,34,32,24,34,34,3,3,5,1.6,1,90,8,2,1,1,1,1,1,1,1,1,7,1,1,Male,1,21, , , , , ,1, , ,7,1,1,7,1,1,1,7,California,California, , , , , ,1, , , , , , , , , , , ,1, , ,1,1,1,2.9,4.05,2.05,1.29,2.81,2.81,6.52,4.76,2.81,2.81
R_2DM0zidOwwV1c3V,0,1,Predjudice,Gun owner,Rude,Sloppy,Uneducated,Dumb,Strong,Rebel,Patriotic,Dog owner,3.14333333333333,5,4,30,23,42,50,49,48,55,55,55,55,4,5,3,6,4,81,7,3,1,6,6,6,7,7,6,6,4,6,6,Male,1,59, , , , , ,1, , ,7,5,2,4,6,6,5,5,Rhode island,Georgia, , , , , , , , , , , , , , , , , , , , ,1,4,3,1.95,4.05,2.05,3.29,4.33,3.19, , , , 
R_2dmOdTjDOooEDFq,0,1,live in the country/rural areas,own guns,politically conservative,uneducated,uninformed/narrow world view,display the Confederate flag,intolerant/dismissive of others not within their lifestyle,willing to help,hard working,fish and hunt a lot,4.243,3,2,43,23,34,49,30,39,30,15,15,32,3,3,6,3.4,2.75,95,8,5,1,5,5,1,3,4,6,2,2,5,1,male,1,33, , , , , ,1, , ,6,2,2,5,1,5,3,4,Pennsylvania,Indiana, , , , , , , , , , , , , , , , , , , ,1,2,3,4,4.67,4.05,2.81,4.33,1.95,1.29,1.95,7.43,7.43,6.52
R_3G3UyzYq4oZYTZF,0,1,unintelligent,prejudice,inbred,nascar fans,white,country,uncultured,toothless,southern,loud,3.74285714285714,1,3, ,30,19,55, ,43,51,5,46,26,2,4,6,6.4,5.25,90,7,2,1,6,5,7,7,7,6,6,6,7,7,male,1,51, , , , , ,1, , ,2,7,4,6,7,7,7,6,Massachusetts,Virginia, , , , , , , , , , , , , , , , , , , , ,6,2,2, ,1.95,2.1, , ,4.67,4.43,4.24,5,3.81
R_1QrwNC30yx0SfqN,0,1,Uneducated,Conservative,Racist,Sexist,Go against their own self interest,Low-income,Like nascar,Like hunting,Like fishing,Big trucks,4.00888888888889,2,4,49,34,39,30,3,36,55,32,32,24,3,3,6,4.8,2.75,98,8,5,1,6,5,4,5,4,4,3,6,5,6,Female,0,36, , , , , ,1, , ,3,3,1,5,3,3,3,7,Maryland,Currently an expat residing abroad, , , , , ,1, , , , , , , , , , ,1, , ,1,5,3,1,4.33,2.81,1.29,1.95,2.9,5, ,6.52,6.52,4.76
R_2S1TfcTbnOvAJGs,0,1,Rowdy,Far right,Country,Loud,Drinking,Love of guns,Supports constitution,Proud,White,Men,3.565,4,4,55,34,43,26,11,23,34,55, ,55,4,2,6,5.3,3.375,90,7,3,1,5,4,4,6,6,4,6,6,6,6,Female,0,59, , , , , ,1, , ,5,2,3,6,5,6,4,6,Utah,North Carolina, , , , , ,1, , , , , , , , , , ,1, , , ,3,2,2, ,2.81,4.67,3.81,3.24,4.05,2.81, , , 
R_BXGlEODXi8ZvOMN,0,1,white,poor,illiterate,stupid,like guns,live in shacks,drive pick up trucks,have a lot of dogs,"if work, have low paying jobs",don't work,4.39875,3,2, ,36,49,48,23,36,24,55,27,22,4,4,6,7,6,93,7,1,1,7,7,7,7,7,7,7,7,7,7,Female,0,59, , , , , ,1, , ,1,7,4,1,7,5,7,4,New York,Texas, , , , , ,1, , , , , , , , , , ,1, , , ,7,7,4, ,5,4.33,3.19,4.05,5,4.76, ,5.29,3.57
R_1mUXozL2BhNSD42,0,1,Lives in a trailer park,Poor,Drives a truck,Drinks cheap beer,Not very smart,Souterner,Men chew tabacco,Listens to country music,Has a heavy southern drawl,Farmers,4.36555555555556,4,3,25,36,24,11,48,46,45,55,16,27,4,4,7,4.3,1.25,90,6,1,1,5,4,4,5,6,4,4,2,4,5,Female,0,60, , , , , ,1, , ,7,1,1,7,1,2,1,6,New Jersey,Florida, , , , , , ,1, , , , , , , , , , , , ,1,1,1,2,4.52,5,4.76,3.24,3.19,5,3.43, ,4.86,5.29
R_3MJzdoVOU7SJiRy,0,1,have blue collar jobs generally,are lower socioeconomically,intolerant,proud,support 2nd amendment,family oriented,alcoholism,outdoor oriented,meat eaters,ignorant,3.95857142857143,3,3,27,36,30,55,34,55,11,32,55,3,4,2,6,1.3,1,97,8,6,1,1,1,1,2,2,2,1,1,1,1,Female,0,26, , , , , ,1, , ,7,1,1,7,1,1,1,7,Michigan,Michigan, , , , ,1, , , , , , , , , , , , , ,1, ,1,1,1,5.29,5,1.95, ,2.81, ,3.24,6.52, ,2.9
R_z5PRkycJuNZZGRH,0,1,Rednecks are known of their poor background,They live a low budget life,They are different from the normal whites,They live a whacked life,They have very low income,They behave nonchalantly,They live as there's no tomorrow,They believe they are the best,They are independent,Sense of reasoning is low,4.5475,3,3,36,36,55,55,36,55,55,55,55,48,4,4,5,6.4,5.125,5,4,4,1,7,7,7,7,4,7,7,4,7,7,Female,0,33, , , , , ,1, , ,7,7,4,4,7,7,7,4,New York,New York, , , , , ,1, , ,1,1, , , , , , ,1,1, , ,1,4,4,5,5, , ,5, , , , ,3.19
R_3noRE2djBgRG70O,0,1,racist,poor,southern,stupid,rural,xenophobic,ignorant,family oriented,simplistic,uninhibited,3.55375,2,2,39,36,46,48,43,30,3,55,51,55,1,3,5,5.3,2.375,95,8,4,1,6,5,6,5,6,5,5,3,6,6,male,1,44, , , , , ,1, , ,5,3,2,6,2,2,2,5,Maine,Maine, , , , , ,1, , , , , , , , , , ,1, , ,1,3,2,3,1.29,5,5,3.19,4.67,1.95,2.9, ,4.43, 
R_1l3Kebo5cMqAmhk,0,1,dumb,poor,Republican,likes guns,lives in a rural area,close minded,uncultured,illiterate,thick southern accent,doesn't respect women,3.78333333333333,2,3, ,36,34,23,43,30,51,49,16,30,3,3,6,2,3.125,90,8,2,1,1,2,2,1,1,2,2,3,3,3,female,0,48, , , , , ,1, , ,5,3,5,5,1,4,3,5,Illinois,Illinois, , , , , ,1, , , , , , , , , , ,1, ,1, ,3,3,3, ,5,2.81,4.05,4.67,1.95,4.43,4.33,4.86,1.95
R_2pRZfLFZJDYo8dO,0,1,Worrisome,Poor,Stubborn,Law breakers,Spoilt,Not mannered,Self centered,Proud,Drunker,Dirty,3.126,3,6,55,36,55,55,55,42,42,55,11,50,3,4,6,6.1,4.375,61,7,3,1,7,6,5,7,6,7,6,5,7,5,Male,1,38, , , , , ,1, , ,2,5,2,6,7,5,5,5,New York,New York, , , , , ,1, , , , , , , , , , ,1, , , ,6,2,3, ,5, , , ,2.05,2.05, ,3.24,3.29
R_1feciQi4bT4kZQz,0,1,Dumb,Racist,Poor,Dirty,Guns,Beer,Trucks,Incest,Confederate Flags,Christian,3.23555555555556,4,3, ,39,36,50,23,11,24,19,39,40,2,2,6,3,3.25,90,6,4,1,3,3,3,3,3,3,3,3,3,3,Male,1,35, , , , , ,1, , ,4,3,2,2,2,2,2,3,Missouri,Kansas, , , , , ,1, , , , , , , , , , ,1, , ,1,4,6,5, ,1.29,5,3.29,4.05,3.24,4.76,2.1,1.29,4.1
R_BKFKG9abXLLBXm9,0,1,angry,annoying,old fashioned,racist,unhappy,soiled,whiny,outdoorsy,simple,strange,3.21857142857143,2,4,55,42,3,39,55,50,42,32,51,55,3,3,5,4.7,3.625,100,8,3,1,5,5,4,4,5,5,6,5,4,4,Male,1,31, , , , , ,1, , ,4,2,4,4,4,4,3,4,Texas,Texas, , , , , ,1, , , , ,1, , , , , , , , , ,4,4,4, ,2.05,2.9,1.29, ,3.29,2.05,6.52,4.43, 
R_2SjyUMGCwwbwFXS,0,1,Poor,Southern,Racist,Dumb,Hunter,Outdoorsy,Sleeveless,Country,Plaid,Fisherman,4.53,3,4,36,46,39,48,32,32,50,43,55,27,3,3,6,5.2,2.75,94,7,3,1,6,6,5,7,6,6,6,2,5,3,Male,1,48, , , , , ,1, , ,7,4,2,7,5,5,3,7,Missouri,Missouri, , , , ,1, , , , , , , , , ,1, , , , , ,1,1,1,5,5,1.29,3.19,6.52,6.52,3.29,4.67, ,5.29
R_1riZX04b6nw1sNY,0,1,likes horses,southern,dumb,strong,incorrect grammar,cousin fucker,poor,dirty,bad teeth,tobacco chewer,3.88875,3,4,55,46,48,55,16,19,36,50,5,45,4,3,5,5.8,4.25,85,7,4,1,6,6,6,6,5,6,6,6,6,5,male,1,33, , , , , ,1, , ,5,4,4,4,5,5,5,4,texas,texas, , , , , , , , , , , , , , , , , , , , ,3,4,4, ,5,3.19, ,4.86,2.1,5,3.29,4.24,3.43
R_2y71cICNZWyxPU1,0,1,ignorant,uneducated,racist,loud,intolerant,poor hygiene,big trucks,fans of country music,like to hunt,drink excessively,3.52777777777778,2,3,3,49,39,26,30,4,24,55,32,11,2,3,5,4.5,1.875,85,3,2,1,6,6,5,4,4,4,4,5,4,3,male,1,32, , , , , ,1, , ,7,2,1,6,2,4,2,7,North Carolina,North Carolina, , , , , , , , , , , , , , , , , , , , ,1,2,1,2.9,4.33,1.29,3.81,1.95,2.95,4.76, ,6.52,3.24
R_D1z8qVnwo68z3fr,0,1,beer drinkers,not highly educated,live simple lives,ability to overcome problems,good at fixing mechanical things like cars,can piece together unrelated items and make something useful,"people living in the mountains, or out of the way places",patriotic to the USA,god fearing people,"teach their children to be self sufficient, not have to rely on mainstream society",4.154,2,1,11,49,51,55,55,55,43,55,40,55,2,3,5,5.8,5.875,92,8,3,1,6,5,5,7,6,6,5,5,6,7,Male,1,58, , , , , ,1, , ,2,6,5,1,6,5,6,2,California,Idaho, , , , , ,1, , , , , , ,1,1, , , , , , ,6,7,6,3.24,4.33,4.43, , , ,4.67, ,4.1, 
R_2Ser6Pe73O3mlJ9,0,1,Republican,Uneducated,Hateful,Racist,Teen pregnancy,Poor,Small minded,Rural,Southern,Ugly,3.57857142857143,2,2,34,49,55,39,55,36,30,43,46,55,3,4,7,3.4,3.375,91,7,2,1,4,4,4,5,3,2,2,3,4,3,Male,1,35, , , , , ,1, , ,5,3,5,5,4,3,3,5,MA,FL, , , , , ,1, , , ,1, , , , , , ,1, ,1, ,3,3,3,2.81,4.33, ,1.29, ,5,1.95,4.67,5, 
R_2AZI1NLuBQuE02x,0,1,lower income,uneducated,Are from the Southern part of the USA,loud,violent,don't speak proper English,drink too much,smoke too much,racist,proud of their Confederate heritage,3.401,3,3,36,49,46,26,54,16,11,45,39,39,4,3,7,4.4,1.875,85,7,5,1,5,5,5,5,4,5,5,2,4,4,Male,1,28, , , , , ,1, , ,7,2,4,7,2,2,2,7,Wisconsin,Washington, , , , , ,1, , , , , , , , , , ,1, , , ,1,1,1,5,4.33,5,3.81,1.76,4.86,3.24,3.43,1.29,1.29
R_2b15DkAzGVNjwVC,0,1,Racist,Uneducated,Loud,Bad Hygiene,Smelly,Misguided,Hateful,Simpletons,gullible,stupid,3.22666666666667,1,2,39,49,26,4,4,3,55,51,48,48,1,2,5,6.8,1,100,8,5,1,7,7,7,7,7,6,7,6,7,7,Male,1,37, , , , , ,1, , ,7,1,1,7,1,1,1,7,Wisconsin,Wisconsin, , , , ,1, , , , , , , , , , , ,1, , , ,1,1,1,1.29,4.33,3.81,2.95,2.95,2.9, ,4.43,3.19,3.19
R_3dQCuGvxk8zpwPa,0,1,Dumb,Uneducated,Poor speech skills,Into car racing,Hunters,Dirty,Poor,Drink Coors,Wears trucker hats,Probably has a mullet,4.2275,3,4, ,49,16,55,32,50,36,11,50,50,4,4,6,5,4.25,85,8,5,1,6,6,7,5,5,3,5,3,5,5,female,0,34, , , , , ,1, , ,4,4,2,5,5,7,5,4,Arizona,Arizona, , , , , , , , , , , , , , , , , , , , ,4,3,4, ,4.33,4.86, ,6.52,3.29,5,3.24,3.29,3.29
R_z3c0tSznhMs6JXz,0,1,Dumb,Uneducated,Unclean,Religious,Fat,Poor,Live in rural areas,Southern,Speak with an accent,"Unkempt (clothes, hair)",4.35,3,2, ,49,4,40,33,36,43,46,16,50,4,4,6,5.7,2.25,85,3,1,1,6,6,6,7,7,6,6,4,5,4,Female,0,21, , , , , ,1, , ,6,4,1,6,3,1,4,7,Illinois,Illinois, , , , , , , , , , , , , , , , , , , , ,2,2,1, ,4.33,2.95,4.1,4.95,5,4.67,5,4.86,3.29
R_3NJu0YRMugpGjTb,0,1,uneducated,illiterate,no higher order thinking skills,dress in overalls,working class or lower,heavily accented,racist,prone to violence,enjoys stirring the pot,goes out in public without a mask because 'Murica,3.22428571428571,2,4,49,49,48,55, ,16,39,54,55,34,2,2,4,2.8,3.875,100,8,6,1,2,2,2,2,3,3,3,4,4,3,female,0,46, , , , , ,1, , ,3,2,5,4,2,5,2,2,Florida,Florida, , ,1, , , , , , , , , ,1,1, , , , , ,1,5,4,6,4.33,4.33,3.19, , ,4.86,1.29,1.76, ,2.81
R_1pFCdKVNs6msaWm,0,1,cut off jeans,cut sleeves on a flannel,southern bred,hillbilly talk,trump supporter,loves guns,chews tobacco/snuff,cooks everything in lard,beer drinker,dirty,3.821,5,3,50,50,46,16,34,23,45,33,11,50,2,2,5,4,2.875,69,7,6,1,4,3,3,5,5,5,5,2,5,3,female,0,42, , , , , ,1, , ,6,4,3,5,2,3,3,5,ohio,ohio, , , , , , , , , , , , , , , , , , , , ,2,3,3,3.29,3.29,5,4.86,2.81,4.05,3.43,4.95,3.24,3.29
R_2DSkj1lOTpZa1K8,0,1,Drive trucks,Crass,Uneducated,Poor,White,Stupid,Confederate,Racist,Inbred,Lives in a trailer,3.43444444444444,4,4,24,51,49,36, ,48,39,39,19,25,4,4,7,3.6,3.125,95,8,3,1,5,6,5,4,4,3,2,3,2,2,Female,0,22, , , , , ,1, , ,5,4,3,4,2,3,3,5,Oregon,Oregon, , , , , , , , , ,1, , , , , , , , ,1, ,3,4,3,4.76,4.43,4.33,5, ,3.19,1.29,1.29,2.1,4.52
R_pg9gcjizgnnpzHP,0,1,Rural,unsophisticated,Illiterates,Poor,Pigs,Racist,Southern rubbish,Crackers,Labourer,Farmers,4.52555555555556,1,4,43,51,49,36,50,39,46,55,15,27,4,4,6,6.7,2.875,100,8,4,1,4,7,7,7,7,7,7,7,7,7,Male,1,30, , , , , ,1, , ,7,1,1,7,7,7,4,7,California,California, , , , , ,1, , , , , , , , , , ,1, , , ,1,1,1,4.67,4.43,4.33,5,3.29,1.29,5, ,7.43,5.29
R_28YXfEKH9UHhnfU,0,1,Illiterate,Uncultured,Unsophisticated,Drunks,Lower class,Racist,Violent,Unclean,Loud,Swear,3.14333333333333,2,2,49,51,51,11, ,39,54,4,26,42,2,2,3,1.6,1.75,100,8,1,1,2,1,1,1,1,1,1,4,1,3,Female,0,65, , , , , ,1, , ,6,3,1,7,2,2,2,7,Wisconsin,Wisconsin, , , , ,1, , , , , , , , , ,1, , , , , ,2,1,1,4.33,4.43,4.43,3.24, ,1.29,1.76,2.95,3.81,2.05
R_27a44UUxMQTKqkN,0,1,Uneducated,Rough,Harsh,Dirty,Unclean,Ill-mannered,Rude,Patriotic,Outspoken,Loud,2.78625,3,3,49,54,42,50,4,42,42,55,55,26,2,3,5,4.7,2.375,80,8,3,1,5,5,6,6,5,5,5,2,4,4,Male,1,29, , , , , ,1, , ,6,2,1,6,3,3,4,6,New York,Florida, , , , , , ,1, , , , , , , , , , , , ,1,2,2,2,4.33,1.76,2.05,3.29,2.95,2.05,2.05, , ,3.81
R_CekVcDgyoV5WQpP,0,1,They own pickup trucks,they wear flannel or plaid, they wear baseball hats,they own guns,they hunt,they life beer,they listen to country music,they own guns,they belong to the NRA,they are republicans,4.03428571428571,2,3,24,55,55,23,32,11,55,23,34,34,2,3,4,4.7,3.375,90,7,2,1,6,5,4,6,4,6,4,2,4,6,female,0,47, , , , , ,1, , ,5,3,3,2,4,4,3,7,New Jersey,New Jersey, , , , , ,1, , , , , , , , , , , , ,1, ,3,6,1,4.76, , ,4.05,6.52,3.24, ,4.05,2.81,2.81
R_2f3ypqzecHS2TPh,0,1,do not adopt politically correct speech,proud,honest about their feelings about nonwhites,like to fight to solve their problems,street dance,pecifically sneer at rules,smoke cigarettes,chew gum,against education,eat and drink too much,2.715,2,3,34,55,39,54,55,42,45,55,55,33,4,4,6,4.5,4,85,6,7,1,4,4,4,5,6,5,5,3,5,4,male,1,20, , , , , ,1, , ,5,6,4,4,4,3,3,3,California,California, , , , , ,1, , , , , , , , , , ,1, , , ,3,4,5,2.81, ,1.29,1.76, ,2.05,3.43, , ,4.95
R_1Pc3jpXL6cEQRSx,0,1,autoritative,Dictative,Good,Nice, , , , , , , ,7,7,55,55,55,55, , , , , , ,3,4,6,6.4,5.5,41,6,7,1,7,6,7,6,6,6,7,7,6,6,Male,1,35, , , , , ,1, , ,6,6,6,2,7,6,7,4,California,California, , , , , ,1, , , , , , , , , , ,1, , , ,2,6,4, , , , , , , , , , 
R_2pM167QN8m36OtB,0,1,They wear mullets.,Listen to country music.,Live in the country.,poor whites,hot headed,not politically correct,like guns,hunt,don't shower often,republicans,3.82125,2,2,55,55,43,36,54,34,23,32,4,34,4,4,8,2.5,3.125,90,7,2,1,5,5,1,5,1,4,1,1,1,1,Female,0,37, , , , , ,1, , ,6,2,2,7,4,6,2,2,Pennsylvania,Florida, , , , , ,1, , , , , , , , , , ,1, , , ,2,1,6, , ,4.67,5,1.76,2.81,4.05,6.52,2.95,2.81
R_1CpAqR8H28Y00tu,0,2,Cousin lovers,Rednecks,White trash,Blue collar,Hard working,Smart,Intelligent,Hunters,Grateful,Caring,5.35,7,8,19, , , ,15,55,55,32,55,55,2,2,5,6.5,3.5,70,1,1,1,3,7,7,7,7,7,7,6,7,7,Male,1,21, , , , , ,1, , ,6,3,2,7,7,5,5,5,Pennsylvania,Florida, , , , ,1, , , , , , , , , ,1, , , , , ,2,1,3,2.1, , , ,7.43, , ,6.52, , 
R_ZyqUnWWpP41Z8Pf,0,2,Poor,lower class,dumb,no education,dumb,not intelligent,overall,does not drink beer,drinks moonshine,no shoes,3.63285714285714,2,3,36, ,48,49,48,48,55,55,11,50,3,3,5,6,2.375,21,7,3,1,6,6,6,6,6,6,6,6,6,6,Male,1,20, , , , , ,1, , ,6,3,2,7,2,3,5,7,New York,New York, , , , , ,1, , , , , , , , , , , ,1, , ,2,1,1,5, ,3.19,4.33,3.19,3.19, , ,3.24,3.29
R_2D6RkHItsO1Nq6U,0,2,country,white,poor,southern,redneck,simple,gun owner,teeth issues,smoker,drinker,4.2575,3,4,43, ,36,46, ,51,23,5,45,11,3,4,6,6.7,2.75,90,6,2,1,7,7,7,7,7,6,7,5,7,7,Femals,0,33, , , , , ,1, , ,5,3,3,6,3,3,3,6,Illinois,Illinois, , , , , ,1, , , , , , , , , , ,1, , , ,3,2,2,4.67, ,5,5, ,4.43,4.05,4.24,3.43,3.24
R_8HaPflQbuqwalfb,0,2,uneducated,low class,racist,sexist,simple minded,aggresive,loud,republican,bigoted,patriotic,2.79125,1,4,49, ,39,30,51,54,26,34,30,55,2,2,4,4.5,3,90,7,4,1,5,5,4,5,4,5,5,4,4,4,female,0,36, , , , , ,1, , ,5,3,3,5,3,3,3,5,Pennsylvania,Texas, , , , ,1, , , , , , , , , ,1, , , , , ,3,3,3,4.33, ,1.29,1.95,4.43,1.76,3.81,2.81,1.95, 
R_2aQtvccMbWAZzT5,0,2,country boy or girl,low class,low income,unsophisticated,poor,dumb,uneducated, , , ,4.39,2,3,55, ,36,51,36,48,49, , , ,3,3,6,6.2,3.625,30,5,3,1,7,6,6,7,7,6,6,4,7,6,Female,0,66, , , , , ,1, , ,5,4,4,5,4,4,4,5,Virginia,Florida, , , , , , , , , , , , , , , , , , , , ,3,3,3, , ,5,4.43,5,3.19,4.33, , , 
R_1C8wSK3k9uMy9oK,0,2,uneducated,toothless,hillbillies,rednecks,inbreds,incestuous,deliverance types,yokels,drawl,bumpkins,3.82375,3,3,49,5, , ,19,19,40,51,16,51,1,2,5,5.2,3.75,70,7,4,1,5,5,5,5,5,5,5,6,5,6,Male,1,45, , , , , ,1, , ,5,4,4,4,4,4,4,5,Alabama,Alabama, , , , , ,1, , , , , , , ,1, , , , , , ,3,4,3,4.33,4.24, , ,2.1,2.1,4.1,4.43,4.86,4.43
R_3fpbtsuPrc3bhG6,0,2,unintelligent,accent,country,overalls,dumb,no teeth,dirty,loud,truck,inbred,3.865,2,3, ,16,43,55,48,5,50,26,24,19,4,3,5,5.7,4.75,88,5,3,1,4,3,5,7,6,6,6,6,7,7,female,0,33, , , , , ,1, , ,2,5,3,3,5,4,6,4,California,Utah, , , , , ,1, , , , , , , , , , ,1, , , ,6,5,4, ,4.86,4.67, ,3.19,4.24,3.29,3.81,4.76,2.1
R_1KW88KhMqoe8BYR,0,2,Unintelligent,Inbred,Racist,Trashy,Scary,Angry,Rural,Untrustworthy,Sick,Funny,2.8375,1,1, ,19,39,50,55,55,43,55,55,55,4,3,7,6.2,6.25,75,7,1,1,6,6,5,7,7,7,7,5,6,6,Male,1,30, , , , , ,1, , ,1,7,4,1,7,6,7,3,NJ,MA, , , , , ,1, , , , , , , , , , , ,1, , ,7,7,5, ,2.1,1.29,3.29, , ,4.67, , , 
R_VQlNxMR80rvnVvP,0,2,Uneducated,Gun Owners,Republicans,Trashy,Dirty,Heavy Drinkers,No Money,Unsanitary,Lives In Trailer Parks,"Lives In The ""Sticks""",3.815,2,1,49,23,34,50,50,11,36,4,25,43,2,2,4,6.9,5.5,85,8,6,1,7,6,7,7,7,7,7,7,7,7,Female,0,28, , , , , ,1, , ,2,7,4,5,7,6,6,3,Ohio,Ohio, , , , ,1, , , , , ,1,1, ,1, , , , , , ,6,3,5,4.33,4.05,2.81,3.29,3.29,3.24,5,2.95,4.52,4.67
R_3G7IOXvALNnHsyt,0,2,Inbred,They like big trucks,hunters,they love guns,stupid,racist,homophobic,transphobic,Trump supporters,anti-science,3.152,2,4,19,24,32,23,48,39,30,30,34,3,5,1,6,2.5,1,100,8,5,1,3,3,5,1,1,1,1,6,2,2,male,1,38, , , , , ,1, , ,7,1,1,7,1,1,1,7,California,Arizona, , , , , , , , , , , , , , , , , , , , ,1,1,1,2.1,4.76,6.52,4.05,3.19,1.29,1.95,1.95,2.81,2.9
R_1IAgGgcEQlC7rML,0,2,Other races think ALL white people are prejudice.,If you are a white male you are automatically sexist and prejudice.,All hispanics are immagrants,all hispanics are gang members,All asians are horrible drivers,All chinese are spying for China,All blacks are lazy and want handouts,Blacks think we all owe them money because of past slavery.,All Native Americans are drunks.,All Native Americans are pagans.,1.422,1,2,30,30,39,39,39,39,39,39,39,39,2,2,4,6.4,5.25,100,8,1,1,7,7,7,7,7,4,7,4,7,7,female,0,61, , , , , ,1,1,Irish,4,6,4,4,7,7,7,5,California,Texas, , , , ,1, ,1, , , ,1, ,1,1,1, , , , ,1,4,4,3,1.95,1.95,1.29,1.29,1.29,1.29,1.29,1.29,1.29,1.29
R_3LYZnNWGyVWvxOA,0,2,poorly-educated,bigoted,rural,unsophisticated,simple,avoid cities,countryside dwellers,speak with a strong accent,bad teeth,chew tobacco,4.168,3,4,49,30,43,51,51,43,43,16,5,45,4,4,6,3.9,4.125,80,7,5,1,5,4,5,4,2,4,3,4,4,4,Female,0,63, , , , , ,1, , ,5,4,4,3,4,4,4,3,PA,VA, , , , , ,1,1, , , , , , , , , , , , ,1,3,5,5,4.33,1.95,4.67,4.43,4.43,4.67,4.67,4.86,4.24,3.43
R_3qX9WpDLcLQdpR1,0,2,dumb,fat,uneducated,backwoods,low wage jobs,outdoorsy,drunk,racist,badly dressed,conservative,4.04333333333333,2,3, ,33,49,43,27,32,11,39,50,34,3,3,6,5.2,5.25,99,7,3,1,6,6,6,5,5,5,5,5,4,5,Female,0,27, , , , , ,1, , ,2,6,3,2,5,5,5,2,Maryland,Virginia, , , , , , , , , , , , , , , , , , , , ,6,6,6, ,4.95,4.33,4.67,5.29,6.52,3.24,1.29,3.29,2.81
R_3RylxjfFbtrfhdL,0,2,trucks,poor,confederate flag,dirty,stupid,sleep with family,bad teeth,sunburnt,trailer park,wide eyed,3.611,2,5,24,36,39,50,48,19,5,50,25,51,4,2,3,1.1,1.25,71,6,4,1,1,1,1,1,1,1,1,2,1,1,male,1,31, , , , , ,1, , ,5,1,1,7,1,1,1,7,Minnesota,Minnesota, , , , , , , , , , , , , , , , , , , , ,3,1,1,4.76,5,1.29,3.29,3.19,2.1,4.24,3.29,4.52,4.43
R_2aE20BJEHm5L27g,0,2,uneducated,poor,long hair,dirty,do drugs,alcoholics,loud,mean,drive beat up trucks,lazy,3.76222222222222,1,3,49,36,55,50,53,11,26,42,24,22,3,3,6,6.5,4.5,100,8,8,1,6,7,7,7,7,7,6,6,6,6,male,1,48, , , , , ,1, , ,6,6,6,6,6,6,6,6,Michigan,Michigan, , , , , ,1, , , , , , , , , , ,1, , , ,2,2,2,4.33,5, ,3.29,3.81,3.24,3.81,2.05,4.76,3.57
R_wNPwkR4dTfbBGIV,0,2,uneducated,poor,live in a trailer,own guns,go hunting,like country music,drive a truck,work as a mechanic,make moonshine,wear jeans,4.71375,2,3,49,36,25,23,32,55,24,27,11,55,3,2,6,5.8,3.375,86,6,6,1,7,7,5,7,6,6,5,5,5,5,Female,0,53, , , , , ,1, , ,6,4,4,6,4,4,4,5,Colorado,New York, , , , , ,1, , , , , , , , , , ,1, , , ,2,2,3,4.33,5,4.52,4.05,6.52, ,4.76,5.29,3.24, 
R_3JIRwApRSO6hf7B,0,2,cheap,poor,low class,tacky,simple,short tempered,dumb,uneducated,drunks,smokers,3.72625,1,3,55,36, ,51,51,54,48,49,11,45,3,4,6,5.5,4.5,90,8,3,1,6,5,6,6,6,5,6,3,6,6,male,1,33, , , , , ,1, , ,4,5,5,2,5,4,5,6,Michigan,Michigan, , , , , ,1, , , , , , , , , , ,1, , , ,4,6,2, ,5, ,4.43,4.43,1.76,3.19,4.33,3.24,3.43
R_129kcltePqWJ1li,0,2,uneducated,religious,gun nuts,conservative,poor,own trucks,rural,white,uncultured,country music,4.26875,1,4,49,40,23,34,36,24,43, ,51,55,3,2,3,3.5,4.125,90,8,5,1,2,3,5,4,3,3,1,6,5,3,male,1,41, , , , , ,1, , ,3,4,4,5,3,3,4,1,NJ,PA, , , , , ,1,1, , , , , , , , , ,1, ,1,1,5,3,7,4.33,4.1,4.05,2.81,5,4.76,4.67, ,4.43, 
R_DjXddCL3AnJ6G2d,0,2,Uneducated,Live in rural area,Conservative,Farm workers,Poor,Narrow minded,Can be incestuous,Underachievers,Easily angered or upset,white supremacists,3.44555555555556,1,2,49,43,34,27,36,30,19,22,55,39,3,4,7,4.5,3.875,90,8,4,1,4,4,6,6,3,4,4,5,6,3,Female,0,29, , , , , ,1, , ,3,5,3,6,3,4,4,3,California,California, , , , , ,1, , , , , , , , , , ,1, ,1, ,5,2,5,4.33,4.67,2.81,5.29,5,1.95,2.1,3.57, ,1.29
R_1IhCpw5xwNkjX6y,0,2,unsophisticated,country,poorly dressed,poor,white southerner, , , , , ,4.478,3,3,51,43,50,36,46, , , , , ,3,3,5,5.2,4.125,75,8,8,1,5,5,5,6,7,7,5,2,7,3,male,1,53, , , , , ,1, , ,4,4,5,4,4,4,4,4,Tennessee,Tennessee, , , , ,1, , , , , , , , , , , , , , ,1,4,4,4,4.43,4.67,3.29,5,5, , , , , 
R_2YyqYJG768S3CsY,0,2,white,dumb,uneducated,southern,poor,stupid,lower class,republican,rural,low income,4.14875,2,1, ,48,49,46,36,48, ,34,43,36,1,3,6,5.1,3,90,8,3,1,5,4,4,6,5,6,6,3,6,6,female,0,45, , , , , ,1, , ,4,3,1,4,3,2,4,5,NY,NY, , , , , ,1, , , , , , , , , , ,1, , , ,4,4,3, ,3.19,4.33,5,5,3.19, ,2.81,4.67,5
R_2ZNNJn8yjB6OWr7,0,2,Racist,Unintelligent,Naive,Poor,Unsophisticated,Uneducated,Dirty,Alcoholics,Lazy,Criminals,3.64111111111111,3,2,39,48,51,36,51,49,50,11,22,55,4,3,5,2.6,2.625,80,6,2,1,2,2,3,3,2,2,3,4,3,2,Male,1,27, , , , , ,1, , ,6,2,3,5,4,2,2,5,California,California, , , , , ,1, , , , , , , , , , ,1, , , ,2,3,3,1.29,3.19,4.43,5,4.43,4.33,3.29,3.24,3.57, 
R_2w1gq91JEoLjnle,0,2,live ruraly,not too smart,not clean,talk funny,look different,vehicles they drive,they go to farm parties,they wear boots,chain connected to their wallet,a comb in their back pocket,3.9175,3,3,43,48,4,16,55,55,55,55,55,55,3,3,6,4.3,4.25,81,7,3,1,5,4,4,5,5,4,4,5,3,4,female,0,48, , , , , ,1, , ,4,4,5,5,5,4,3,2,Colorado,Texas, , , , ,1, , , , , , , , , , , , , , ,1,4,3,6,4.67,3.19,2.95,4.86, , , , , , 
R_3e4BugmLRWrSua5,0,2,southern,stupid,slow,closeminded,trump supporters,from rural areas,farmers,ranchers,redneck,southern drawl talk,3.90625,1,1, ,48,48,30,34,43,27,27, ,16,2,2,3,6.2,4.25,80,7,6,1,6,6,6,6,6,6,6,6,7,7,female,0,33, , , , , ,1, , ,4,5,4,4,5,4,5,5,tennessee,tennessee, , , , , , , , , , , ,1,1, , , , , , , ,4,4,3, ,3.19,3.19,1.95,2.81,4.67,5.29,5.29, ,4.86
R_3k26f0uFSkglr6b,0,2,stupid,poor reasoning skills,poor,drink achol,conservative,wear overalls,uneducated,barefoot,poor hygine,poor money management skills,3.54428571428571,2,4, ,48,36,11,34,55,49,50,4,55,3,3,5,4.1,2.25,91,6,8,1,4,5,4,4,4,4,5,3,4,4,female,0,56, , , , , ,1, , ,4,1,2,4,4,1,1,7,Virginia,Arkansas, , , , , ,1,1, , , , , , , , , ,1, , ,1,4,4,1, ,3.19,5,3.24,2.81, ,4.33,3.29,2.95, 
R_DPnWOZx1Og9wVJn,0,2,dumb,stupid,incestuous,loud,red,sunburnt,racist,homophobic,islamophobic,transphobic,2.44125,1,1, ,48,19,26,55,50,39,30,30,30,1,3,6,4.4,3.5,75,4,3,1,3,5,6,3,4,4,4,6,3,6,female,0,24, , , , , ,1, , ,6,4,4,6,4,4,4,4,new jersey,new jersey, , , , , , , , , , , , , , , , , , , , ,2,2,4, ,3.19,2.1,3.81, ,3.29,1.29,1.95,1.95,1.95
R_cUX6s7rXWjD3chH,0,2,dirty,dumb,hard working,country,uneducated,stupid,outdoors,loud,vulgar,trailer park living,4.3,1,5,50,48,15,43,49,48,32,26,42,25,4,2,5,6.5,4,90,6,3,1,6,6,7,7,7,7,6,6,7,6,female,0,29, , , , , ,1, , ,4,4,4,4,4,4,4,4,RI,NH, , , , , , , , , , , , , , , , , , , , ,4,4,4,3.29,3.19,7.43,4.67,4.33,3.19,6.52,3.81,2.05,4.52
R_1nPGqMXbWrF0iVz,0,2,Unsophisticated,Stupid,Backwards,Dorky,Country,Trailer trash,Poor,Unknowledgable,Hillbilly,Beer drinker,4.0475,2,3,51,48,3,55,43,25,36,51, ,11,3,3,4,5.9,3.75,85,7,3,1,6,5,6,7,7,6,6,4,6,6,Female,0,62, , , , , ,1, , ,6,3,4,6,6,6,4,5,CA,WA, , , , , , ,1, , , , , , , , , , , ,1, ,2,2,3,4.43,3.19,2.9, ,4.67,4.52,5,4.43, ,3.24
R_23ailKOFCzZRJdx,0,2,rural,uneducated,rowdy,vigilante,hunters,poor,unfiltered,unrefined,beer bellies,loud,4.25625,2,3,43,49,55,55,32,36,42,51,11,26,3,4,7,3.2,3.875,90,6,8,1,2,2,3,3,5,3,3,3,4,4,female,0,52, , , , , ,1, , ,4,4,5,4,3,4,4,5,Montana,Massachusetts, , , , , , , , , , , , , , , , , , , , ,4,4,3,4.67,4.33, , ,6.52,5,2.05,4.43,3.24,3.81
R_1kIzayXhc0aaBPe,0,2,Local,Uneducated,Poor hygene,Dirty,Old clothes,No teeth,Farmer,Old fashioned,Poor grammar,Closed knit,3.89375,2,3,55,49,4,50,50,5,27,3,16,55,3,3,7,6.2,4.125,81,2,4,1,7,6,6,7,6,6,6,5,7,6,Male,1,62, , , , , ,1, , ,3,5,4,5,5,4,4,5,Illinois,Illinois, , , , , ,1,1, , , , , , , , , ,1, , ,1,5,3,3, ,4.33,2.95,3.29,3.29,4.24,5.29,2.9,4.86, 
R_26fefYsrLOepwe9,0,2,Toothless,Dirty,Dumb,Ignorant,Beer drinking,Nascar watching,Drives trucks,Coverals,Tabacco chewing,Boot wearing,3.57857142857143,3,3,5,50,48,3,11,55,24,55,45,55,3,3,7,7,4.75,70,6,4,1,7,7,7,7,7,7,7,7,7,7,Male,1,44, , , , , ,1, , ,7,7,7,7,7,7,7,7,Oregon,Oregon, , , , ,1, , , , , , , , , ,1, , , , , ,1,1,1,4.24,3.29,3.19,2.9,3.24, ,4.76, ,3.43, 
R_bfiM7ftm2xxUu1b,0,2,Toothless,Overalls with no shirt,Broken down truck,Couch on the front porch,Chews tobacco,Enjoys tractor pulls,Demilation derbys,Play the spoons,Line dancing,Nra member,4.38166666666667,2,1,5,50,24,55,45,32,55,55,55,23,2,2,4,7,5,100,8,1,1,7,7,7,7,7,7,7,7,7,7,Female,0,29, , , , , ,1, , ,7,7,7,3,4,6,7,5,Colorado,Missouri, , , , ,1, , , , , , , , , ,1, , , , , ,1,5,3,4.24,3.29,4.76, ,3.43,6.52, , , ,4.05
R_2WMc2JSoCt0dCpW,0,2,They are not intelligent,They are messy,They have bad grammar,They are hard working,They love their guns,They drive trucks,They live in trailers,They have poor hygiene,They are hunters,They love four wheelers,4.98888888888889,2,3, ,50,16,15,23,24,25,4,32,32,1,4,5,4.7,3.5,96,6,7,1,4,5,4,5,5,6,5,3,4,6,Male,1,49, , , , , ,1, , ,5,4,2,3,3,3,4,4,Illinois,Ohio, , , , , ,1, , , , , , , , ,1, , , , , ,3,5,4, ,3.29,4.86,7.43,4.05,4.76,4.52,2.95,6.52,6.52
R_UJzhbbdcchf2GgF,0,2,stupid,dirty,poor grammar,undereducated,low income,racist,toothless,foul,dress badly,smelly,3.65625,4,6, ,50,16,49,36,39,5,55,50,4,2,2,6,4,4.375,84,8,3,1,4,4,3,5,4,5,5,2, ,4,male,1,40, , , , , ,1, , ,1,3,3,4,4,4,4,2,new Jersey,new Jersey, , , , , ,1, , , , , , , , , , ,1, , , ,7,4,6, ,3.29,4.86,4.33,5,1.29,4.24, ,3.29,2.95
R_O6ZBcLOIilN2jCh,0,2,uneducated,dirty,simple clothing,country,rough talking,na,na,na,na,na,3.754,4,5,49,50,51,43,42, , , , , ,2,3,6,6.4,3.875,95,7,2,1,7,7,7,7,7,7,7,4,6,5,male,1,46, , , , , ,1, , ,6,4,4,6,4,7,6,6,New York,Florida, , , , ,1, , , , , , , , , ,1, , , , , ,2,2,2,4.33,3.29,4.43,4.67,2.05, , , , , 
R_1Fr1MjfqLHLqAvg,0,2,unsophisticated,naive,toothless,poor,uneducated,illiterate,inbred,rural,Republican,religious,4.044,2,2,51,51,5,36,49,49,19,43,34,40,3,4,6,2.3,1,85,7,6,1,2,2,2,2,3,4,2,2,2,2,male,1,39, , , , , ,1, , ,7,1,1,7,1,1,1,7,Michigan,Michigan, , , , , , , , , ,1, , , , , , ,1, ,1,1,1,1,1,4.43,4.43,4.24,5,4.33,4.33,2.1,4.67,2.81,4.1
R_2ebAWoi4J2QFDVE,0,2,stupid,reckless,lack of manners,uneducated,agressive,simple,primitive,uncomplicated,unsophisticated,rude,3.29666666666667,1,3, ,54,42,49,54,51,51,51,51,42,3,3,6,5.9,4.25,71,7,2,1,6,6,6,6,6,6,6,5,6,6,male,1,39, , , , , ,1, , ,4,5,5,6,4,6,5,5,KY,KY, , , , , , , , , , , , , , , , , , , , ,4,2,3, ,1.76,2.05,4.33,1.76,4.43,4.43,4.43,4.43,2.05
R_1o1DcnHfqAIovts,0,2,uneducated,wear jeans,dirty,drive trucks,don't speak proper English,wear boots,say uncouth things,drink beer,sloppy,live in the country,3.81125,3,3,49,55,50,24,16,55,42,11,50,43,3,4,6,4.2,3.25,77,5,2,1,4,5,3,6,4,6,4,2,5,3,female,0,70, , , , , ,1, , ,4,4,4,7,4,4,4,7,ny,ny, , , , , ,1, , , , , , , , , , ,1, , , ,4,1,1,4.33, ,3.29,4.76,4.86, ,2.05,3.24,3.29,4.67
R_3fjjojBx9clZIVG,0,2,Uneducated,Independent,Foul mouthed,Unhygenic,Inbred,Xenophobic,Mentally ill,Cigarette smoking,Republican,Gun toting,2.95875,2,3,49,55,42,4,19,30,55,45,34,23,4,4,7,5,5.25,94,8,3,1,5,5,5,5,5,5,5,5,5,5,Female,0,31, , , , , ,1, , ,2,5,5,3,5,5,5,2,Ohio,Ohio, , , , , ,1, , , , , , , , , , ,1, , , ,6,5,6,4.33, ,2.05,2.95,2.1,1.95, ,3.43,2.81,4.05
R_1NkqYhEpyL9LVfe,0,2,THEY ARE GENERALLY BAD PROPLE,THEY ARE RED HEADS,THEY ARE COMMON IN CULTISM,THEY ARE MOSTLY TRUCK DRIVERS,JOBLESS, , , , , ,4.32,1,4,55,55,40,27,22, , , , , ,4,3,6,5.7,3.625,62,7,5,1,7,5,5,7,7,7,5,4,6,4,MALE,1,38, , , , , ,1, , ,4,2,5,2,3,4,1,4,NEWYORK,CALIFONIA, , , ,1, , , , , , , , , , , , ,1, , , ,4,6,4, , ,4.1,5.29,3.57, , , , , 
R_5A85n6ZW7LVnwdj,0,3,trailer park,white trash,dental decay,methamphetamine,banjos,poverty,hunting,dumb,slow,uneducated,4.35,1,1,25, ,5,53,55,36,32,48,48,49,2,3,6,3.6,3.5,100,8,3,1,6,3,1,2,1,2,1,7,6,7,female,0,27, , , , , ,1, , ,2,7,2,7,5,2,2,5,Maine,Florida, , , , , , , ,1, , , , , , , , , , , ,1,6,1,3,4.52, ,4.24,3.81, ,5,6.52,3.19,3.19,4.33
R_2v0bMzKjeMgSkMV,0,3,backwards,ignorant,inbred,angry,suspicious,intolerant,poor,unschooled,large families,simple,3.37285714285714,2,2,3,3,19,55,55,30,36,49,55,51,2,3,5,5.9,5,81,6,1,1,4,4,5,7,7,7,7,6,6,6,female,0,63, , , , , ,1, , ,2,5,5,5,6,5,5,3,Wisconsin,Colorado, , , , ,1, , , , , , , , , ,1, , , , , ,6,3,5,2.9,2.9,2.1, , ,1.95,5,4.33, ,4.43
R_31QojBjhbXjhTnf,0,3,backwards,traditional,not smart,family oriented,smokers,not sophisticated,Low graduation rates,laborers,caustic,loud,3.83,1,3,3,3,48,55,45,51,49,15,42,26,4,2,3,4.9,1.125,94,8,1,1,4,4,4,6,7,6,6,3,4,5,Male,1,58, , , , , ,1, , ,7,1,1,7,1,2,1,7,California,California, , , , , ,1, , , , , , , , , , ,1, , , ,1,1,1,2.9,2.9,3.19, ,3.43,4.43,4.33,7.43,2.05,3.81
R_31NniAVTruIdTCd,0,3,ignorant,moonshiners,skinny,uneducated,armed, , , , , ,3.63,1,1,3,11,55,49,23, , , , , ,4,4,7,5.1,1,71,8,1,1,2,3,7,7,7,4,7,2,7,5,Male,1,62, , , , , ,1, , ,7,1,1,7,1,1,1,7,Iowa,Florida, , , , , , , , , , , , , , , , , , , , ,1,1,1,2.9,3.24, ,4.33,4.05, , , , , 
R_24AAdcFY0Ph05DG,0,3,conservative,moonshine,under educated,impoverished,red-states,NASCAR,racist,country,poor hygiene,abrasive,3.23888888888889,2,3,34,11,49,36,34,55,39,43,4,42,4,3,7,5.3,3.625,95,3,2,1,6,5,6,6,6,6,5,3,5,5,female,0,29, , , , , ,1, , ,2,3,4,3,2,4,2,5,Missouri,Florida, , , , , , ,1, , , , , , , , , , , , ,1,6,5,3,2.81,3.24,4.33,5,2.81, ,1.29,4.67,2.95,2.05
R_3jeuPUaR1SnvKcU,0,3,Uneducated,Drunks,Southern,Slow,Country Bumpkin,Disparaging,Offensive,White,Racist,Unaware,3.16444444444444,2,2,49,11,46,48,51,42,42, ,39,3,4,4,7,3.2,2.25,90,7,3,1,2,2,2,5,5,3,4,3,3,3,Male,1,18, , , , , ,1, , ,7,1,2,7,6,1,1,3,California,California, , , , , , , , , , , , , , , , , , , , ,1,1,5,4.33,3.24,5,3.19,4.43,2.05,2.05, ,1.29,2.9
R_1OqmyZCQca1uVdA,0,3,Uneducated,Southern accent,Live in the south,Low income,Wears wife beaters,Wears trucker hats,Drink alcohol,Barefoot,Lives in the country,Owns shotguns,4.102,2,3,49,16,46,36,50,50,11,50,43,23,4,3,6,3.6,3.625,91,2,2,1,4,4,3,3,4,3,3,6,3,3,Female,0,35, , , , , ,1, , ,5,5,4,7,5,4,5,6,Washington,Washington, , , , , , , , , , , , , , , , , , , , ,3,1,2,4.33,4.86,5,5,3.29,3.29,3.24,3.29,4.67,4.05
R_1K76KNdxFTZTURl,0,3,Backwoods,Inbreds,Trailer Trash,Redneck,Ignant,Hick,Non educated,Moonshine,Country,Gap tooth,3.83375,1,2,43,19,25, ,3, ,49,11,43,5,3,3,5,6.1,5.125,98,8,8,1,4,4,7,7,6,6,6,7,7,7,Male,1,52, , , , , ,1, , ,6,6,4,2,6,6,6,3,Nebraska,Georgia,1, , , , , , , , , ,1, , , , , , , , , ,2,6,5,4.67,2.1,4.52, ,2.9, ,4.33,3.24,4.67,4.24
R_3qfh4LY1onC17s0,0,3,Poor,Inbred,Country,Uneducated,Eat roadkill,Dirty,Weird,Different,Poligamists,Incestual,3.58166666666667,2,3,36,19,43,49,55,50,55,55,55,19,2,2,5,6.5,6.375,75,6,5,1,5,5,7,6,7,7,7,7,7,7,Male,1,34, , , , , ,1, , ,2,6,5,1,7,6,7,1,Texas,Texas, , , , ,1, , , , , , , , , ,1, , , , , ,6,7,7,5,2.1,4.67,4.33, ,3.29, , , ,2.1
R_3p56mUExImII06L,0,3, backwoods,inbred,country folk,hicks,rednecks,dumb,ignorant,low life,poor folk,dirty,3.68857142857143,2,1,43,19,43, , ,48,3,55,36,50,2,2,4,6.7,1.75,80,7,2,1,7,7,7,7,7,7,7,5,6,7,male,1,62, , , , ,1,1, , ,7,1,1,7,4,4,1,7,North Carolina,North Carolina,1,1, , ,1, , , , , , ,1,1,1, , , , , , ,1,1,1,4.67,2.1,4.67, , ,3.19,2.9, ,5,3.29
R_1QGSmO3H18C65pJ,0,3,Alcoholics,Advocate for gun rights,Against abortion,"""Southern Pride""",Heavily into all things Confederacy,Large families,Poor hygiene,Poor dental care,Obesity,Uneducated,3.65111111111111,1,3,11,23,34,46,39,55,4,5,33,49,3,3,6,4.8,3.75,90,8,3,1,6,5,6,3,2,2,5,6,6,7,Female,0,37, , , , , ,1, , ,3,3,4,4,2,4,3,3,Florida,Florida, , , , , , ,1, , , , , ,1, , , , ,1, , ,5,4,5,3.24,4.05,2.81,5,1.29, ,2.95,4.24,4.95,4.33
R_sbZ3dk4rIr8XJ85,0,3,white trash,trailer trash,rednecks,country,outdoors,hicks,poor,american,patriotic,dumb,4.78,2,3, ,25, ,43,32, ,36, ,55,48,3,3,4,5.8,2.875,91,5,7,1,5,4,7,7,7,6,7,5,5,5,Female,0,26, , , , , ,1, , ,6,4,1,6,4,4,4,6,California,California, , , , , ,1, , , , , , , , , , ,1, , , ,2,2,2, ,4.52, ,4.67,6.52, ,5, , ,3.19
R_3s7iHScGcN2Ed75,0,3,guns,trailers,live in the hills,messy yards,missing teeth,chewing on straw,overalls,no shoes,unintelligent,work on cars but are never fixed,3.89285714285714,3,3,23,25,43,50,5,55,55,50,48,55,3,3,7,1.7,1.875,95,7,8,1,2,2,1,3,2,2,1,2,1,1,Male,1,36, , , , , ,1, , ,7,1,2,7,2,3,2,5,Mississippi,Florida, , , , , , , , , , , , , , , , , , , , ,1,1,3,4.05,4.52,4.67,3.29,4.24, , ,3.29,3.19, 
R_1Hp2JPqJgmP2ekS,0,3,trump supporters,political conservatives,people who live in trailers,people from the deep south,people who drive trucks,people who go hunting,people who marry their cousin,poor,undeducated,close minded,3.98,1,4,34,34,25,46,24,32,19,36,49,30,1,4,7,2.8,3,92,7,3,1,2,2,5,4,2,3,2,6,1,1,female,0,29, , , , , ,1, , ,6,2,4,4,2,7,2,7,"st. peters, missouri",illinois, , , , , ,1, , , , , , , , , , ,1, , , ,2,4,1,2.81,2.81,4.52,5,4.76,6.52,2.1,5,4.33,1.95
R_Pv8ITJwHOAESLGV,0,3,racist,poor,bad hygeine,dumb,backward,bad teeth,smelly,republican,hateful,redneck,3.01285714285714,2,3,39,36,4,48,3, ,4,34,55, ,3,4,6,2.6,4.375,86,7,4,1,2,3,4,1,2,2,1,6,2,3,female,0,42, , , , , ,1, , ,2,5,4,3,3,4,3,3,Georgia,New York, , , , , , , , , , , , , , , , , , ,1,1,6,5,5,1.29,5,2.95,3.19,2.9, ,2.95,2.81, , 
R_1o57BGb3aSadsqk,0,3,dumb,poor,gun-loving,trashy,farmers,conservative,religious,dirty,unhygenic,patriotic,3.8475,3,4, ,36,23,50,27,34,40,50,4,55,5,2,6,3.8,3.25,91,7,5,1,3,4,4,4,3,4,4,6,3,3,Female,0,24, , , , , ,1, , ,3,2,3,3,2,1,2,2,New York,Pennsylvania, , , , , ,1, , , , , , , , , ,1,1, , , ,5,5,6, ,5,4.05,3.29,5.29,2.81,4.1,3.29,2.95, 
R_2wi8XXsvqgkeuT0,0,3,stupid,poor,uneducated,conservative,republican,classless,trashy,smelly,toothless,ugly,3.63285714285714,2,3, ,36,49,34,34,55,50,4,5,55,3,3,5,2.2,1.875,90,5,2,1,3,2,2,2,2,3,2,2,2,2,female,0,27, , , , , ,1, , ,7,1,2,6,4,2,2,7,Ohio,Ohio, , , , , ,1, , , , , , , , , , ,1, , , ,1,2,1, ,5,4.33,2.81,2.81, ,3.29,2.95,4.24, 
R_OO2xRkJiDUblEBj,0,3,Dumb,Poor,Dirty,Missing teeth,Alcoholics,Uneducated,Moonshine,Banjo,Inbred,Smelly,3.54875,2,2, ,36,50,5,11,49,11,55,19,4,3,3,5,3.1,3.75,94,4,2,1,3,2,4,5,2,5,2,3,3,2,Male,1,32, , , , , ,1, , ,3,3,2,3,2,5,3,3,Illinois,Illinois, , , , , ,1, , , , , , , , , , ,1, , , ,5,5,5, ,5,3.29,4.24,3.24,4.33,3.24, ,2.1,2.95
R_3MQWFOx5IgJHdu1,0,3,Dirty,Poor,Reckless,Smelling,Rural,Local,Inbreds,Illiterates,Homophobes,Pigs,3.26,1,1,50,36,54,4,43,55,19,49,30,50,4,4,5,6.8,2,100,5,4,1,7,7,7,7,7,7,7,5,7,7,Female,0,29, , , , , ,1, , ,7, ,1,7,4,5,1,7,California,California, , , , , ,1, , , , , , , , , , ,1, , , ,1,1,1,3.29,5,1.76,2.95,4.67, ,2.1,4.33,1.95,3.29
R_0qvYdKntXiXiatz,0,3,Fat,Racist,No teeth,Ugly,White,mean,Rude,Poor,Country,Beer,3.43625,2,3,33,39,5,55, ,42,42,36,43,11,4,3,7,6.6,4.625,94,7,7,1,6,6,6,7,7,7,7,7,7,6,Male,1,24, , , , , ,1, , ,2,4,4,3,4,5,7,6,Miississippi,Mississippi, , , , ,1, , , , ,1, , , , ,1, , ,1,1, ,6,5,2,4.95,1.29,4.24, , ,2.05,2.05,5,4.67,3.24
R_31mFOFhrexQUorL,0,3,rural,remote,mountainous,mountain range,freedom,isolation,homogeneous,social,violin,mandolin,4.67,6,5,43,43,43,43,55,55,55,55,55,55,3,3,6,5.9,4.25,67,5,5,1,5,5,6,6,7,7,6,6,5,6,male,1,29, , , , , ,1, , ,4,5,5,4,5,4,4,5,MA,MA, , , , , ,1, , , , , , , , , , ,1, , , ,4,4,3,4.67,4.67,4.67,4.67, , , , , , 
R_1pn6rNDZCp7fFIb,0,3,unintelligent,country-like,nature lovers,unhibbited,uneducated,rough,incestual,lazy,drunks,druggies,3.75,1,4, ,43,32,55,49,54,19,22,11,53,3,2,5,6.3,5.625,73,7,5,1,7,7,7,7,6,6,5,4,7,7,female,0,57, , , , , ,1, , ,4,6,3,1,6,6,6,1,kansas,kansas, , , , ,1, , , , , , , , , ,1, , , , , ,4,7,7, ,4.67,6.52, ,4.33,1.76,2.1,3.57,3.24,3.81
R_2uCegV4h1XXoFZi,0,3,Uneducated,Live in rural countryside,Live in trailers,Drive pickup trucks,Wear overalls,Eat a lot of meat,Marry cousins,Live with big families,Have lots of children,Don't use technology,3.88,2,2,49,43,25,24,55,55,19,55,55,3,4,4,5,5.2,6.625,95,5,2,1,5,5,5,6,4,5,5,6,6,5,female,0,34, , , , , ,1, , ,1,7,6,1,6,6,7,1,Connecticut,New York, , , , , , , , , ,1, , , , , , , , ,1, ,7,7,7,4.33,4.67,4.52,4.76, , ,2.1, , ,2.9
R_3knrGcDsLFuaPgp,0,3,uneducated,country,farmers,hunters,unsophisticated,rural,poor,rough,white,toothless,4.54555555555556,3,4,49,43,27,32,51,43,36,54, ,5,4,3,3,6.6,3.375,96,6,2,1,7,7,7,7,7,7,7,4,7,6,female,0,65, , , , , ,1, , ,6,4,5,6,5,4,4,7,California,Washington, , , , , , ,1, , , , , , , , , , , , ,1,2,2,1,4.33,4.67,5.29,6.52,4.43,4.67,5,1.76, ,4.24
R_2bUjPQalXLWeKif,0,3,Poor,Dumb,Uneducated,Racist,Alcoholics,Illiterate,Unread,Lowbrow,Rude,Simple,3.672,4,4,36,48,49,39,11,49,51,51,42,51,3,4,6,4.9,4.625,90,7,3,1,4,4,5,6,5,6,5,4,5,5,Female,0,41, , , , , ,1, , ,3,5,4,2,5,4,5,5,Arizona,Connecticut, , , , , ,1, , , , , , , , , , ,1, , , ,5,6,3,5,3.19,4.33,1.29,3.24,4.33,4.43,4.43,2.05,4.43
R_28HgZ1ut7SJnsv0,0,3,simple,dumb,poor,uneducated,dirty,nieve,backwards,colorful,old fashioned,happy,3.80875,1,3,51,48,36,49,50,51,3,55,3,55,3,3,4,4.44444444444444,4.57142857142857,92,6,7,1,6,5,6,4,2,2,5, ,4,6,male,1,29, , , , , ,1, , ,6, ,6,2,5,4,5,4,Texas,Kansas, , , , ,1, , , , , , , , , , , , ,1, , ,2,6,4,4.43,3.19,5,4.33,3.29,4.43,2.9, ,2.9, 
R_2eXtbz5CPip0Owa,0,3,Settler's,Lacking education,Rural,Hillbilly music,Moonshiners,Coal miners,Old music,Hillbilly values,Hillbilly outfit,Generosity,4.086,5,5,55,49,43,55,11,27,55,3,55,55,1,2,5,5.9,3.625,56,5,3,1,6,6,6,6,5,7,5,6,6,6,Male,1,25, , , , , ,1, , ,5,5,1,3,4,5,3,5,Denver,Denver, , , , ,1, , , , , , , , , ,1, , , , , ,3,5,3, ,4.33,4.67, ,3.24,5.29, ,2.9, , 
R_e5rsVv8ygUhHExr,0,3,conservative,poorly-educated,unintelligent,racist,white,agricultural workers,rural residents,poorly travelled,drive pick-up truck,bad dental care,3.8225,1,3,34,49,48,39, ,27,43, ,24,5,3,3,7,2.9,2.875,92,6,1,1,4,4,2,2,2,2,1,7,3,2,female,0,24, , , , , ,1, , ,2,2,2,2,2,1,2,6,"various, moved every 2 years, Florida",UK, , , , , ,1, , , , , , , , , , ,1, , , ,6,6,2,2.81,4.33,3.19,1.29, ,5.29,4.67, ,4.76,4.24
R_10IOdFxOPulYW2F,0,3,poor,uneducated,simple,rustic,backwards,white,moonshiners,hunters,smokers,unfriendly,4.06333333333333,2,2,36,49,51,43,3, ,11,32,45,42,3,4,6,4.8,3,100,8,3,1,6,5,6,5,6,6,5,3,3,3,Female,0,56, , , , , ,1, , ,5,3,3,5,3,3,3,5,Oklahoma,Alabama, , , , , ,1, , , , , , , , , , ,1, , , ,3,3,3,5,4.33,4.43,4.67,2.9, ,3.24,6.52,3.43,2.05
R_bHoU6LkEETY3z0t,0,3,Poor,Uneducated,Not well traveled,lack of experiences outside their immediate comfort zone,from rural areas,below average IQ,Poor grammar,poor hygiene,lack of fashion sense,can survive on their own,4.2325,1,1,36,49,51,55,43,48,16,4,51,55,2,3,6,6.4,3,90,5,2,1,7,7,7,7,7,7,7,5,5,5,Male,1,33, , , , , ,1, , ,4,2,1,6,4,4,1,2,New Jersey,New Jersey, , , , , ,1, , , , , , , , , , ,1, , , ,4,2,6,5,4.33,4.43, ,4.67,3.19,4.86,2.95,4.43, 
R_Ojt7qkwE4Z1skHD,0,3,Stupid,Uneducated,Missing teeth,Inbreeding,Poor,"Lives in Kentucky, West Virginia",Wears overalls,Has southern accent,Had tv show,Chews tobacco,4.13714285714286,1,3, ,49,5,19,36,46,55,16,55,45,4,4,4,3.3,2,97,7,2,1,4,4,5,4,3,4,3,2,2,2,Female,0,54, , , , , ,1, , ,6,3,1,7,2,4,2,7,Ohio,Florida, , , , , ,1, , , , , , , , , , , , , ,1,2,1,1, ,4.33,4.24,2.1,5,5, ,4.86, ,3.43
R_YWEKfDeQcp3YGQ1,0,3,Unkempt,Uneducated,Unskilled,Angry,Friendly,Tough,Rough,Hardworking,Dubious,Happy,4.2025,3,4,50,49,55,55,55,55,54,15,55,55,3,3,6,6.2,5,87,7,3,1,5,7,6,7,7,6,5,5,7,7,Female,0,27, , , , , ,1, , ,4,7,4,3,6,5,5,4,New Jersey,Toronto, , , , , ,1, , ,1, , ,1, , , , ,1, , , ,4,5,4,3.29,4.33, , , , ,1.76,7.43, , 
R_2RXkpJNXXgSLSqk,0,3,resourceful,uneducated,unclean,moonshine makers/drinkers,untrusting,simple,religious,have many children,closed minded,protective,3.5,4,4,55,49,4,11,55,51,40,55,30,55,4,4,7,6.1,1.625,75,7,3,1,7,7,7,6,7,6,6,5,5,5,female,0,49, , , , , ,1, , ,6,2,1,7,2,2,1,6,Georgia,Georgia, , , , , , , , , , , , , , , , , , , ,1,2,1,2, ,4.33,2.95,3.24, ,4.43,4.1, ,1.95, 
R_22Mn8kNAy0jveCI,0,3,Bad/no teeth,Unkempt appearance,Poor,Often wear overalls,Drink a lot of moonshine and whiskey,Uneducated,Messy,Poor social abilities,Procreate by way of incest,Low class,3.64142857142857,1,2,5,50,36,55,11,49,50,55,19, ,4,3,6,1.7,1,90,7,3,1,1,4,3,1,1,3,1,1,1,1,Female,0,30, , , , , ,1, , ,7,1,1,7,1,1,1,7,California,Arizona, , , , ,1, , , , , , , , , ,1, , , , , ,1,1,1,4.24,3.29,5, ,3.24,4.33,3.29, ,2.1, 
R_ZCOUhGk5BBePWFP,0,3,Poor,Dirty,White,Stupid,Silly,Lazy,Family oriented,Caring,Poorly educated,Stinky,3.72166666666667,2,2,36,50, ,48,55,22,55,55,49,4,1,1,5,1,1.375,76,3,2,1,1,1,1,1,1,1,1,1,1,1,Female,0,29, , , , , ,1, , ,6,1,2,6,1,1,1,7,CA,NY, , , , , , , , , , , , , , , , , , , , ,2,2,1,5,3.29, ,3.19, ,3.57, , ,4.33,2.95
R_2TZtkPf1DrlgNOY,0,3,poor speech,poor nutrition,quick tempered,bad teeth,inbreeding,lack of intellegence,eat roadkill,armed,poor living conditions,poor,3.775,1,2,16,55,54,5,19,48,55,23,36,36,3,2,6,6.2,3.625,99,6,3,1,6,6,6,7,6,6,7,6,6,6,male,1,38, , , , , ,1, , ,4,4,5,6,4,3,4,5,Minnesota,Maryland, , , , , , , , , , , , , , , , , , , , ,4,2,3,4.86, ,1.76,4.24,2.1,3.19, ,4.05,5,5
R_2QA5RPm36efTM3s,0,3,dumb,eats straw,drives tractors,lives in the country,probably white,probably male,rude,bad humor,uneducated,doesn't talk to many people,3.275,3,3, ,55,55,43, ,55,42,42,49,55,3,3,5,1,1,94,7,2,1,1,1,1,1,1,1,1,1,1,1,agender,3,23, , , , , ,1, , ,7,1,1,7,1,1,1,7,Missouri,Missouri, , , , , , , , , , , , , , , , , , , , ,1,1,1, , , ,4.67, , ,2.05,2.05,4.33, 
R_1kTeNby1EVBHZOG,0,3,gay,bi,redneck,lesbian,queer,hick,white trash,white collar workers,whore,model, ,5,7,55,55, ,55,55, , , ,55,55,3,4,6,4.8,3.875,62,5,5,1,5,5,5,5,5,5,5,3,5,5,Female,0,34, , , , , ,1, , ,5,4,4,3,4,4,4,5,California,California, , , , , ,1, , , , , , , , , , ,1, , , ,3,5,3, , , , , , , , , , 
R_OCC6oU0G3J7z5Vn,0,3,Spenders,Calm,Caring,Honest,Handsome,Beautiful,Nice,Good,Fair,Tall, ,4,4,55,55,55,55,55,55,55,55,55,55,2,2,6,6,4.875,52,4,5,1,6,6,6,6,6,6,6,6,6,6,Male,1,28, , , , , ,1, , ,2,5,2,2,6,5,3,2,Florida,California, , , , , ,1, , , , , , , , , , ,1, , , ,6,6,6, , , , , , , , , , 
R_3kcvz9agjCVUXzX,0,4,Trailer park,hill billy,redneck,camo,southern,obesity,welfare,food stamps,loud,obnoxious,4.58428571428571,1,1,25, , ,55,46,33,36,36,26,26,2,2,5,5,1.75,50,4,5,1,6,5, ,4,4,7,5,4,6,4,Male,1,21, , , , , ,1, , ,7,1,1,7,7,1,1,7,North Carolina,North Carolina, , , , , ,1, , , , , , , , , , ,1, , , ,1,1,1,4.52, , , ,5,4.95,5,5,3.81,3.81
R_3M4MLVEYbkpwd6y,0,4,Southern,missing teeth,dirty,uneducated,fat,slobs,dumb,inbred,separate,less than,3.62714285714286,2,3, ,5,50,49,33,50,48,19,55,55,4,4,7,3.1,3.125,91,7,2,1,4,5,2,4,5,4,3,2,1,1,female,0,21, , , , , ,1, , ,4,2,3,6,5,2,4,5,New York,New York, , , , , ,1, , , , , , , , ,1, ,1, , , ,4,2,3, ,4.24,3.29,4.33,4.95,3.29,3.19,2.1, , 
R_3I3ikrrVj8JHlEN,0,4,Live in a trailer,Drink alot,Missing teeth,Big old truck,Smokes,Southern,Southern accent,Little schooling,Liberal,Racist,3.96333333333333,3,3,25,11,5,24,45,46,16,49,55,39,2,4,7,4,2.25,100,5,2,1,4,4,4,5,5,6,4,2,1,5,Male,1,20, , , , , ,1, , ,7,2,2,5,7,1,1,7,Arizona,Nevada, , , , , , , , , , , , , , , , , , , , ,1,3,1,4.52,3.24,4.24,4.76,3.43,5,4.86,4.33, ,1.29
R_2EnSwggRlJVyARw,0,4,smokers,drink cheap beer,live in a trailer park,"multiple children, different fathers",drive junky vehicles,domestic abuse is rampant,poor hygiene,loud,opinionated,receive welfare,3.3325,2,1,45,11,25,55,55,54,4,26,30,36,4,3,5,4.6,3.75,100,8,3,1,5,5,5,5,5,6,4,2,5,4,female,0,47, , , , , ,1, , ,2,3,5,6,2,4,4,4,Wisconsin,Wisconsin, , , , , ,1, , , , , , ,1, , , , , , , ,6,2,4,3.43,3.24,4.52, , ,1.76,2.95,3.81,1.95,5
R_2CJR5hiBN60HSoF,0,4,Incest,Guns,Conservative,Obese,Unintelligent,Uneducated,Racist,Homophobic,Trump supporter,NASCAR,3.05333333333333,7,7,19,23,34,33,48,49,39,30,34,55,2,2,2,1.8,1.125,100,8,5,1,1,2,2,3,1,1,1,4,2,1,Male,1,50, , , , , ,1, , ,7,1,1,7,2,1,1,7,CA,CA, , , , , ,1, , , , ,1,1,1, , , , , , , ,1,1,1,2.1,4.05,2.81,4.95,3.19,4.33,1.29,1.95,2.81, 
R_yDY7cNQuf0UVumJ,0,4,Trump lovers,trailer court living,missing teeth,shop at walmart,iphones while on food stamps,tattoos while on food stamps,confederate flag,big trucks,obese,enjoy the county fair,3.8925,2,2,34,25,5,55,22,36,39,24,33,55,3,4,6,2.7,3.75,60,6,2,1,4,4,2,3,4,4,2,1,1,2,male,1,32, , , , , ,1, , ,4,4,4,6,4,4,4,4,Pennsylvania,Pennsylvania, , , , , ,1, , , , , , , , , , ,1, , , ,4,2,4,2.81,4.52,4.24, ,3.57,5,1.29,4.76,4.95, 
R_1pDtnq3W1tFIshj,0,4,Poor,Lives in a trailer,Lives in the middle of nowhere,Has food stamps,Southern,Agicultural work,Ignorant,Lazy,Drives a old truck,Eats trashy food,4.514,2,2,36,25,43,36,46,27,3,22,24,51,3,3,5,6.3,4.625,100,8,3,1,6,6,7,7,7,7,7,5,6,5,Male,1,21, , , , , ,1, , ,5,4,1,1,5,5,5,1,North Carolina,North Carolina,1, ,1, , , , , , , , ,1,1,1, , , , , ,1,3,7,7,5,4.52,4.67,5,5,5.29,2.9,3.57,4.76,4.43
R_24GifCnCKDSP7Oz,0,4,cigarettes,trailer park,neck tattoos,rusted out car,trash in the yard,cousin lovin,'merica,meth,mullet,nascar,3.39,3,5,45,25,50,55,50,19,55,53,50,55,2,3,6,5.8,4,15,3,3,1,4,6,5,6,6,6,6,7,6,6,Male,1,27, , , , , ,1, , ,4,5,2,5,4,5,4,3,Wisconsin,Wisconsin, , , , , ,1, , , , , , ,1, , , , , , , ,4,3,5,3.43,4.52,3.29, ,3.29,2.1, ,3.81,3.29, 
R_xENSs9GV9lpjhcJ,0,4,lazy,loud,dirty,unemployed,poor,rude,rough,unshaven,big families,don't care about others,3.1025,2,2,22,26,50,55,36,42,54,50,55,42,4,4,8,3.2,5.25,70,6,3,1,3,2,4,4,3,1,2,7,3,3,female,0,37, , , , , ,1, , ,2,4,5,2,5,6,4,2,illinois,illinois, , , , , , , , , , , , , , , , , , , , ,6,6,6,3.57,3.81,3.29, ,5,2.05,1.76,3.29, ,2.05
R_2Tnvzlf5oYwrdaJ,0,4,Trailer Park,Fat,Mountain Dew Drinkers,cut off shirts,four wheelers,cheap beer,Nascar,poor,Uneducated,apathetic to others,4.55,2,2,25,33,55,50,32,11,55,36,49,55,2,3,6,4.2,2.375,90,2,4,1,6,3,7,5,5,6,3,2,3,2,Male,1,27, , , , , ,1, , ,7,1,1,1,1,1,1,2,NEw York,North Carolina, , , , , ,1, , , , , , , , , , ,1, , , ,1,7,6,4.52,4.95, ,3.29,6.52,3.24, ,5,4.33, 
R_2Xo0dndtVEicmsb,0,4,Redneck,Poor,Low education,Racist,Drug addicts,Promiscuous,Gaudy,Ignorant,Loud,Low class,3.65285714285714,2,1, ,36,49,39,53,55,51,3,26, ,2,2,6,2.4,1.5,100,8,3,1,1,1,1,4,3,4,2,3,4,1,Female,0,30, , , , , ,1, , ,7,1,1,7,2,1,1,4,North Carolina,North Carolina, , , , ,1, , , , , , , , , , , , , , ,1,1,1,4, ,5,4.33,1.29,3.81, ,4.43,2.9,3.81, 
R_1P7sGeuX3pBX4KV,0,4,Republican,Poor,Live in trailers,Racist,Dumb,Missing teeth,Drug addict,Dirty,Whiny,Rude,3.225,2,1,34,36,25,39,48,5,53,50,42,42,4,4,6,6.5,1.125,100,8,1,1,7,7,7,7,6,6,6,7,6,6,Female,0,19, , , , , ,1, , ,7,1,1,7,1,1,2,7,California,California, , , , , , , , ,1, , , , , , , , , ,1, ,1,1,1,2.81,5,4.52,1.29,3.19,4.24,3.81,3.29,2.05,2.05
R_qwHfqhhPXh9yUsF,0,4,Needy,Poor,Clingy,Unsophisticated,Ignorant,Boring,Dirty,Hopeless,Funny,Strong,4.124,3,4,36,36,55,51,3,55,50,55,55,55,3,2,6,6.4,5.375,59,4,5,1,7,6,7,6,7,6,6,6,6,7,Male,1,29, , , , , ,1, , ,3,6,4,2,7,7,7,7,Newyork,Missouri, , , , , ,1, , , , , , , , , , ,1, , , ,5,6,1,5,5, ,4.43,2.9, ,3.29, , , 
R_25H3w8A0oExd8nf,0,4,racist,poor,dumb,gun owners,hunters,fishers,dirty,loud,ignorant,alcoholics,3.858,2,2,39,36,48,23,32,27,50,26,3,11,2,4,7,2.5,1,93,8,3,1,2,3,2,4,3,4,3,1,1,2,male,1,36, , , , , ,1, , ,7,1,1,7,1,1,1,7,Pennsylvania,Texas, , , , , ,1, , , , , , , , , , ,1, , , ,1,1,1,1.29,5,3.19,4.05,6.52,5.29,3.29,3.81,2.9,3.24
R_1QaoG0nsN0Hepcx,0,4,Ignorant,Racist,Low Class,Uneducated,Limited,Southern-based,Poor,Rural,Unsophisticated,Dirty,3.86375,2,2,3,39, ,49,55,46,36,43,51,50,3,3,6,3.6,2.875,100,8,2,1,4,4,4,4,6,4,4,2,2,2,Female,0,43, , , , , ,1, , ,6,4,2,5,5,2,2,5,PA,PA, , , , , ,1, , , , , , , , , , ,1, , , ,2,3,3,2.9,1.29, ,4.33, ,5,5,4.67,4.43,3.29
R_216XE962g6vUuvE,0,4,poor,argumentative,rude,inconsiderate,selfish,uneducated,dumb,funny,abusive,drunk,2.85777777777778,2,3,36,42,42,42,42,49,48,55,54,11,3,4,6,4.9,3.75,10,6,2,1,4,5,5,6,4,6,5,3,6,5,female,0,22, , , , , ,1, , ,6,5,3,4,4,4,6,6,Idaho,Arizona, , , , , , , , , , , , , , , , , , , , ,2,4,2,5,2.05,2.05,2.05,2.05,4.33,3.19, ,1.76,3.24
R_2fCndIRdhJdcGyu,0,4,Dirty,Rude,Loud,Annoying,Neglectful,Disrescpectful,Irresponsible,Questionable,Angry,Weird,2.65,2,1,50,42,26,42,55,42,55,55,55,55,3,2,4,6.1,1.875,100,8,1,1,7,7,6,7,7,7,7,5,5,3,Female,0,20, , , , , ,1, , ,7,1,2,7,5,3,1,7,New York,Pennsylvania, , , , , ,1, , , , , , , , , , , , ,1, ,1,1,1,3.29,2.05,3.81,2.05, ,2.05, , , , 
R_1QopJDDkUYZconz,0,4,Trump supporter,Country rednecks,Southern Illinois,Southern Indiana,Kentucky as a whole,White Texans,oilfield workers,meth heads,trailer park,lifted trucks,4.586,1,3,34,43,46,46,46,46,27,53,25,24,2,4,4,2.2,2,100,8,6,1,2,2,2,2,2,4,2,2,2,2,female,0,31, , , , , ,1, , ,6,2,2,6,2,2,2,6,Illinois,Illinois, , , , , , , , , , , , , , , , , , , , ,2,2,2,2.81,4.67,5,5,5,5,5.29,3.81,4.52,4.76
R_ApqLYssXWlDwgKZ,0,4,Poor,Stupid,Live in a trailer,Uneducated,Food stamps,Wellfare,Racist,Sexist,Gun-toting,Inbred,3.643,1,1,36,48,25,49,36,36,39,30,23,19,1,3,4,3.3,4,70,6,6,1,3,4,5,3,4,2,2,4,3,3,Female,0,32, , , , , ,1, , ,3,3,4,4,5,4,3,4,Texas,Texas, , , , , ,1, , , , , , , , , , ,1, , , ,5,4,4,5,3.19,4.52,4.33,5,5,1.29,1.95,4.05,2.1
R_31FUBKE3KRtSrc8,0,4,Dirty,Stupid,Uneducated,Foul,Loud,Smoking,Drugs,Junkies,Smelly,Poor,3.73555555555556,2,2,50,48,49,55,26,45,53,53,4,36,3,3,3,5,5.375,100,8,3,1,5,5,6,6,5,5,5,3,5,5,Male,1,26, , , , , ,1, , ,3,6,4,3,6,6,6,3,Pennsylvania,Pennsylvania, , , , , ,1, , , , , , , , , , ,1, , , ,5,5,5,3.29,3.19,4.33, ,3.81,3.43,3.81,3.81,2.95,5
R_3kcSYO73kCJJHon,0,4,Poor child-rearing skills,poor decision makers,men who typically don't wear shirts,men who wear their hair long and shower infrequently,people who routinely take addictive drugs,people who drink a lot of alcohol and are prone to altercations or conflict,people who live in rural counties,people who often live in trailer parks,people who are easily influenced by their neighbors and friends,people who haven't taken care of their teeth,3.78125,2,2,55,48,50,50,53,11,43,25,55,5,3,3,5,1.2,1.5,100,8,2,1,1,1,1,1,3,1,1,1,1,1,male,1,52, , , , , ,1, , ,7,1,4,7,1,1,1,6,Iowa,Washington, , , , , ,1, , , , , , , , , , ,1, , , ,1,1,2, ,3.19,3.29,3.29,3.81,3.24,4.67,4.52, ,4.24
R_1NyOFm9jAiOuz8O,0,4,poor,uneducated,unintelligent,have babies out of wedlock,live off the system,high crime rates,live in trailer parks,it is generational,smoke/do drugs,lazy,3.68571428571429,1,2,36,49,48,55,55,54,25,55,45,22,3,4,7,6.8,2.75,100,2,1,1,7,7,7,7,7,7,7,6,7,6,female,0,29, , , , , ,1, , ,7,1,2,6,7,6,1,6,ohio,ohio, , , , , , , , , , , , , , , , , , , , ,1,2,2,5,4.33,3.19, , ,1.76,4.52, ,3.43,3.57
R_3PpOzGSOyPy1OJU,0,4,Poor,Uneducated,Low moral standards,Unsophisticated,stupid,live in Trailer parks,Religious,Born again Christian,Prop life,Believe in God,4.06444444444444,1,5,36,49,55,51,48,25,40,40,34,40,4,4,6,7,2.375,20,3,1,1,7,7,7,7,7,7,7,7,7,7,Female,0,68, , , , , ,1, , ,6,3,1,7,3,4,1,4,Utah,Oregon, , , , ,1, , , , , , , , , ,1, , , , , ,2,1,4,5,4.33, ,4.43,3.19,4.52,4.1,4.1,2.81,4.1
R_uyrOcLhKZnePH4B,0,4,Poor,Uneducated,Blue collar,Resourceful,Republican,Rural,Violent,Lower Class,Racist,Patriot,3.31,1,2,36,49, ,55,34,43,54, ,39,55,3,3,6,4.8,3.75,35,8,2,1,4,5,5,5,5,5,5,4,5,5,Male,1,32, , , , , ,1, , ,4,4,2,2,4,2,4,4,Illinois,Illinois, , , , , ,1, , , , , , , , , , ,1, , , ,4,6,4,5,4.33, , ,2.81,4.67,1.76, ,1.29, 
R_ZgEPR6AFlNkNR9n,0,4,Poor,Uneducated,Alcoholic,Lives in a trailer,Religious,Mullet,Racist,Inbred,Drug addicted,Thieving,3.52,2,2,36,49,11,25,40,50,39,19,53,55,1,4,7,3.6,2.75,70,2,2,1,3,3,3,6,4,6,3,2,3,3,Male,1,40, , , , , ,1, , ,7,3,3,7,3,5,4,6,Kentucky,Indiana, , , , , ,1, , , , , , , , , , ,1, , , ,1,1,2,5,4.33,3.24,4.52,4.1,3.29,1.29,2.1,3.81, 
R_1rPPIsDU7wO2vZc,0,4,poor,dirty,uneducated,impolite,drunks,rural,lazy,unambitious,unhealthy,farmers,3.89,2,2,36,50,49,42,11,43,22,22,55,27,4,3,7,5.1,4.125,90,4,2,1,5,5,5,6,6,5,4,3,6,6,Female,0,28, , , , , ,1, , ,3,4,5,5,4,4,5,5,Nebraska,Nebraska, , , , , ,1, , , , , , , , , , ,1, , , ,5,3,3,5,3.29,4.33,2.05,3.24,4.67,3.57,3.57, ,5.29
R_9LehFaf61NsAfeh,0,4,Poor,Dirty,Uneducated,Criminal,Promiscuous,Racist,Inbred,Drug addicted,Untrustworthy,Thieves,3.30333333333333,1,1,36,50,49,55,55,39,19,53,55,55,3,4,7,7,3.375,100,8,1,1,7,7,7,7,7,7,7,7,7,7,Male,1,39, , , , , ,1, , ,7,4,1,3,6,5,4,7,New Jersey,New Jersey, , , , , ,1, , , , , , , , , , , ,1, , ,1,5,1,5,3.29,4.33, , ,1.29,2.1,3.81, , 
R_qEFwR5mjgxeQmel,0,4,poor,dirty,gullible,dumb,uneducated,trouble makers,selfish,angry,rude,gross,3.25625,2,2,36,50,48,48,49,55,42,55,42,4,3,3,5,5.5,3.25,100,8,2,1,5,6,6,6,6,6,6,5,5,4,female,0,25, , , , , ,1, , ,6,4,2,6,6,6,2,6,Texas,Texas, , , , , ,1, , , , , , , , , , , , , , ,2,2,2,5,3.29,3.19,3.19,4.33, ,2.05, ,2.05,2.95
R_BKRyWkPhqjRcuuB,0,4,racist,tattoos,alcoholism,curse words,poor,trailer park,drug use,cigarette smoking,many children,bad parenting,3.32875,2,2,39,50,11,42,36,25,53,45,55,55,3,2,6,2.6,2.25,100,8,2,1,1,2,1,1,5,3,2,6,4,1,Male,1,31, , , , , ,1, , ,7,1,1,7,3,4,3,4,New York (outside the city),Florida, , , , , , , , , , , , , , , , , , , ,1,1,1,4,1.29,3.29,3.24,2.05,5,4.52,3.81,3.43, , 
R_vAhy4MfBVbp4W77,0,4,dirty,unkempt,stupid,awful,unintelligent,hasty,brash,gaudy,dangerous,rude,2.90625,2,1,50,50,48,55,48,55,42,51,54,42,3,2,5,2.9,3.25,20,4,3,1,3,2,2,5,3,5,4,2,1,2,Male,1,22, , , , , ,1, , ,1,1,1,1,2,3,1,4,Florida,Florida, , , , , , , , , , , , ,1, , , , , , , ,7,7,4,3.29,3.29,3.19, ,3.19, ,2.05,4.43,1.76,2.05
R_2YVZH9eK7JFKUfi,0,4,Trump Supporters,Naïve,Poorly Educated,Smokers,Dumb,Loud,Angry,Drunks,Abusers,Hateful,3.375,2,3,34,51,49,45,48,26,55,11,54,55,3,4,6,2.6,1.375,100,8,3,1,3,3,3,3,3,3,2,2,2,2,Female,0,28, , , , , ,1, , ,6,1,2,6,1,1,1,7,Iowa,Iowa, , , , , , , , , , , , , , , , , , , , ,2,2,1,2.81,4.43,4.33,3.43,3.19,3.81, ,3.24,1.76, 
R_wTXLn9VdET2Xg1b,0,4,Low IQ,Drug user,Alcohol user,No college education,high school drop out,Racist,Anti-feminist,Violent,Loud,Inconsiderate,2.95222222222222,2,2, ,53,11,49,49,39,30,54,26,42,4,3,5,4.6,3,98,7,2,1,4,4,4,6,5,5,4,4,5,5,Male,1,53, , , , , ,1, , ,5,3,2,5,3,3,4,5,Oklahoma,Oklahoma, , , , , ,1, , , , , , , , , , ,1, , , ,3,3,3, ,3.81,3.24,4.33,4.33,1.29,1.95,1.76,3.81,2.05
R_2ymu496RRe7tHtm,0,4,missing teeth,watch nascar,have garbage cars all over their lawns,participate in sex with cousins,loud and obnoxious,illiterate,drop out of school,unemployed and on welfare,dirty,don't have good hygiene,3.5775,1,2,5,55,55,19,26,49,49,22,50,4,2,3,4,2.2,3.57142857142857,10,1,2,1,3,3,4,2,1,2,2,1,2,2,female,0,46, , , , , ,1, , ,5, ,4,5,4,4,5,6,Illinois,Wisconsin, , , , , ,1, , , , , , , , , , ,1, , , ,3,3,2,4.24, , ,2.1,3.81,4.33,4.33,3.57,3.29,2.95
R_242GzN65JE2mXUE,0,4,lazy,no morals,dishonest,cheap,no motovation,uneducated,poor,low intelligence,passive,unstable,3.932,2,2,22,55,55,55,22,49,36,48,55,55,2,3,6,6.8,3.75,60,5,4,1,6,6,7,7,7,7,7,7,7,7,female,0,72, , , , , ,1, , ,2,3,1,3,3,4,5,5,New Jersey,New Jersey, , , , , ,1, , , , , , , , , , ,1, , , ,6,5,3,3.57, , , ,3.57,4.33,5,3.19, , 
R_1nMGJW2h50p6hUO,0,4,poor,ugly,missing teeth,live in trailers,incest,food stamps,cuss a lot,disrespectful,jail,dirty,3.53125,1,1,36,55,5,25,19,36,42,42,55,50,3,3,5,4,2.25,20,2,2,1,4,4,4,4,4,4,4,4,4,4,female,0,38, , , , , ,1, , ,6,2,2,5,2,2,2,5,Illinois,Kentucky, , , , ,1, , , , , , , , , ,1, , , , , ,2,3,3,5, ,4.24,4.52,2.1,5,2.05,2.05, ,3.29
R_3sudU726yZE7w6I,0,4,poor,classless,not wordly,small town,southern,don't live in cities,white,redneck,cracker,dont follow rules,4.23,2,3,36,55,51,55,46,43, , ,55,42,4,4,7,5.7,4.375,99,7,2,1,6,5,6,6,5,6,5,6,6,6,female,0,55, , , , , ,1, , ,3,5,2,5,5,7,5,5,NY,FL, , , , , ,1, , , , , , , , , , ,1, , , ,5,3,3,5, ,4.43, ,5,4.67, , , ,2.05
R_w5nD1Nt5PwpBy13,0,4,racist,privileged,Karen,complainer,entitled,drugs,money,influence,narcissistic,selfish,2.25,6,1,39,55,42,42,55,53,55,55,55,42,3,4,7,5,1.625,4,8,2,1,5,5,5,5,5,5,5,5,5,5,female,0,25, , , , , ,1, , ,7,1,1,7,2,5,1,7,florida,florida, , , , , , , , , , , , , , , , , , , , ,1,1,1,1.29, ,2.05,2.05, ,3.81, , , ,2.05
R_2wF7eesXUvgPCga,0,4,Dumb,Privileged,Addict,Cool,Thin,Tall,Rich,Racist,Metre,Curious,2.55,1,1, ,55,53,55,55,55,55,39,55,55,3,3,6,5,3.5,98,1,1,1, ,7,7,7,7,7,7,1,1,1,Female,0,29, , , , , ,1, , ,1,1,1,7,7,3,1,1,Colorado,Colorado, , , , , ,1, , , , , , , , , , , ,1, , ,7,1,7, , ,3.81, , , , ,1.29, , 
R_22s361xl2vCSUwy,0,4,dirty,negligent,non-workers,unsocial,unintelligent,reckless,stupid,low life,stereotypical,fickle,3,1,1,50,55,22,55,48,54,48,55,55,55,4,4,6,6.6,3.875,80,8,1,1,6,7,6,7,6,7,7,7,7,6,Male,1,39, , , , , ,1, , ,4,3,4,4,4,5,3,4,Florida,Florida, , , , , ,1, , , , , , , , , , ,1, , , ,4,4,4,3.29, ,3.57, ,3.19,1.76,3.19, , , 
R_3gTP4L38iHbZoCL,0,5,America’s backbone,Working class,Poor,Lower class,Hands on,Uneducated,Hard working,Ethnic,Immigrants,Non skilled,6.0475,5,6,55, ,36, ,15,49,15,55,55,55,3,3,6,4.4,3.625,59,4,5,1,5,4,3,5,4,5,5,3,5,5,Female,0,38, , , , , ,1, , ,4,4,3,4,4,4,4,6,CA,NY, , , , , , , , , , , , , , , , , , , ,1,4,4,2, , ,5, ,7.43,4.33,7.43, , , 
R_vAZIavz8WlZcxLX,0,5,Unintelligent,Rough,Uneloquent,Abrasive,Stubborn,Hard-working,Strong,Persistent,Loyal,Unappreciated,3.74666666666667,3,5, ,54,55,42,55,15,55,55,55,55,4,4,7,2.6,2.75,65,3,4,1,2,2,4,3,3,2,2,3,2,3,Male,1,20, , , , , ,1, , ,5,3,3,6,2,2,3,4,Kentucky,Kentucky, , , , , , , , , , , , , , , , , , , , ,3,2,4, ,1.76, ,2.05, ,7.43, , , , 
R_2ttA5swKZoNVFSw,0,5,Dumb,Ignorant,Hard working,No aspirations,Cares more about sports,Votes republican, , , , ,4.1775,3,4, ,3,15,22,55,34, , , , ,4,3,4,4,2.125,63,3,3,1,2,6,2,5,6,6,6,2,2,3,Male,1,29, , , , , ,1, , ,7,2,2,6,3,3,2,6,Michigan,Michigan, , , , , , , , , , , , , , , , , , , , ,1,2,2, ,2.9,7.43,3.57, ,2.81, , , , 
R_1JIXMHOeBi90k9o,0,5,struggling masculinity,drunk,college dropout,high school dropout,no degree,lazy,wifebeater,white trash,redneck,trailer trash,3.94428571428571,2,5,55,11,49,49,49,22,50, , ,25,1,2,4,3.7,4,80,1,8,1,4,7,4,1,7,4,1,7,1,1,Male,1,19, , , , , ,1, , ,7,7,1,7,7,7,7,7,Utah,West Virginia, , , , , , , , , ,1,1,1,1, , , , , , , ,1,1,1, ,3.24,4.33,4.33,4.33,3.57,3.29, , ,4.52
R_2xJk0dWII3DaUKN,0,5,lower class,hard working,rural, , , , , , , ,6.05,4,5, ,15,43, , , , , , , ,4,4,5,2.8,3.75,20,1,4,1,3,3,2,3,3,3,2,3,3,3,female,0,33, , , , , ,1, , ,3,3,3,3,3,3,3,3,"washington, dc","washington, dc", , , , , ,1, , , , , , , , , , ,1, , , ,5,5,5, ,7.43,4.67, , , , , , , 
R_2xXK92NrZPvlems,0,5,warehouse,hard worker,not brightest,hicks,trashy,no education,fat,lazier,not nice,tall,4.2625,4,3,27,15,48, ,50,49,33,22,42,55,2,2,5,3.8,4.375,60,5,7,1,4,4,5,4,5,3,4,4,3,2,male,1,27, , , , , ,1,1, ,5,3,5,4,4,6,4,2,PA,PA, , , , , , , , , , , , , , , , , , , , ,3,4,6,5.29,7.43,3.19, ,3.29,4.33,4.95,3.57,2.05, 
R_OrQn412AAhJiSuR,0,5,Makes less money,Works hard,Skilled,Might work a job where they get dirty,Might make hourly wages,Might be a member of a union,Unskilled,Might feel insecure about their jobs.,Might work outdoors,Might wear jeans or overalls or a uniform.,5.7525,4,5,36,15,55,27,27,55,55,55,55,55,4,3,5,6,5.875,40,2,5,1,7,2,7,7,7,7,7,2,7,7,Female,0,49, , , , , ,1, , ,2,6,6,1,7,6,7,6,Michigan,Texas, , , , , ,1, , , , , , , , , , ,1, , , ,6,7,2,5,7.43, ,5.29,5.29, , , , , 
R_1Fh91ItCIcUoeHz,0,5,group-oriented,hard working,lazy,liberal,organized,political,subordinate,family-oriented,fat,dumb,4.785,3,4,55,15,22,55,55,55,55,55,33,48,1,4,6,2.8,1.875,58,3,5,1,1,1,3,4,5,1,3,4,3,3,male,1,31, , , , , ,1, , ,3,1,1,7,1,2,1,5,Connecticut,Illinois, , , , , , , , , , , , , , , , , , ,1,1,5,1,3, ,7.43,3.57, , , , , ,4.95,3.19
R_1NhlkwdQFsDdXYc,0,5,Manual labour,Pay on hourly basis,Casual wears,Work on construction fields,Work.in manufacturing,Work in minning,Get over time pay for extra hours,Tagged as working class,No work no pay,No leave,5.35,5,4,27,27,55,27,27,27,15,55,22,55,3,3,6,7,4.75,32,3,3,1,7,7,7,7,7,7,7,7,7,7,Female,0,35, , , , , ,1, , ,6,6,3,3,7,7,7,7,New york,Carlifonia, , , , , ,1, , , , , , , , , , ,1, , , ,2,5,1,5.29,5.29, ,5.29,5.29,5.29,7.43, ,3.57, 
R_3Mu28jpUwN2mQoC,0,5,work in factories,plumbers,did not go to college,may not have graduated high school,work long hours,did not do well enough in school to attend college,work hard,drive trucks,attended community college,make pretty good money,5.39875,3,3,27,27,49,49,15,49,15,24,55,55,2,3,5,3.5,4.125,82,4,4,1,3,5,3,4,4,3,3,3,4,3,female,0,42, , , , , ,1, , ,2,3,4,4,3,5,3,3,NC,NC, , , , , ,1, , , , , , , , , , ,1, , , ,6,4,5,5.29,5.29,4.33,4.33,7.43,4.33,7.43,4.76, , 
R_1ITAJLshyWxRxYs,0,5,some education,works with hands,all colors,hard working,family oriented,distrustful of white collar workers,trade school,work paycheck to paycheck,company oriented,city or suburbs,5.585,5,6,49,27,55,15,55,55,55,27,55,55,4,4,5,1.2,1.5,59,3,6,1,1,1,1,1,1,2,1,2,1,1,Male,1,35, , , , , ,1, , ,6,1,2,6,1,1,1,6,South Carolina,South Carolina, , , , , ,1, , , , , , , , , , ,1, , , ,2,2,2,4.33,5.29, ,7.43, , , ,5.29, , 
R_1PbHlF3135pzQfo,0,5,Undereducated,Physical labor,Misinformed,Hard workers,Lower class,Tough,Drive trucks,Waste money,Mentally tough,Reserved,4.942,3,6,49,27,3,15, ,55,24,55,55,55,2,3,5,2.5,2.875,60,5,7,1,4,4,3,2,2,2,2,2,2,2,Male,1,37, , , , , ,1, , ,5,3,2,6,3,4,4,6,Florida,Florida, , , , , , , , , , , , , , , , , , , , ,3,2,2,4.33,5.29,2.9,7.43, , ,4.76, , , 
R_2QX1pjuAlehpyk7,0,5,Dirty,Poor paying,Hard working,Long hours,Uneducated,Retail,Thankless job,Under paid,Under appreciated,Manual labor,5.1875,2,2,50,27,15,55,49,27,27,27,55,27,1,4,8,6,3.14285714285714,70,1,1,1,6,6,6,6,6,6,6,6,6,6,Female,0,31, , , , , ,1, , ,7, ,1,1,6,4,1,6,Delaware,Pennsylvania, , , , , ,1, , , , ,1,1,1,1, , , , , , ,1,7,2,3.29,5.29,7.43, ,4.33,5.29,5.29,5.29, ,5.29
R_1eOvLQd3CPOASrZ,0,5,Uneducated,Republican,Poor,Raised by a single parent,Hard working,Dirty hand, Fowl mouthed,Lives in trailer park,less bright,white,4.0775,3,8,49,34,36,55,15,50,42,25,48, ,1,4,5,7,2.5,70,3,5,1,7,7,7,7,7,7,7,7,7,7,female,0,52, , , , , ,1, , ,7,3,3,7,4,3,4,7,VA,MD, , , , , , , , , , , , , , , , , , , , ,1,1,1,4.33,2.81,5, ,7.43,3.29,2.05,4.52,3.19, 
R_2QujrVUeYDO9uMD,0,5,Rednecks,poor,Dirty,Dumb,Uneducated,Slow,Lesser,Worthless,Helpless,bad,3.76166666666667,4,5, ,36,50,48,49,48,55,55,22,55,2,3,7,5.1,4,51,4,5,1,4,4,6,7,7,7,6,2,4,4,male,1,31, , , , , ,1, , ,4,4,4,4,4,4,4,4,Texas,Texas,1, , , , ,1,1, , , , ,1, , , , ,1, , ,1,4,4,4, ,5,3.29,3.19,4.33,3.19, , ,3.57, 
R_25L9IDD4jlB4zxY,0,5,Hard working,poor,dumb,honest,unskilled,lazy,trouble maker,ignorant,alcholic,unsophisticated,4.25142857142857,3,4,15,36,48,55,55,22,55,3,11,51,4,3,6,5.9,3.625,50,4,4,1,6,6,6,6,6,6,6,5,6,6,Male,1,25, , , , , ,1, , ,5,4,3,5,4,4,4,4,Alabama,Alabama, , , , , , , , , , , , , , , , , , , ,1,3,3,4,7.43,5,3.19, , ,3.57, ,2.9,3.24,4.43
R_RrhIMhP2uGQT7Dr,0,5,hardworking,lower income,high school education,skilled work,backbone of America,honest,tired,calloused,tough,gritty,6.0475,2,3,15,36,49,55,55,55,55,55,55,15,4,3,7,4.1,6.5,75,3,8,1,5,5,5,4,2,3,2,4,6,5,Female,0,26, , , , , ,1, , ,1,6,7,1,5,6,7,1,Indiana,Indiana, , , , , , , , , , , , , , , , , , , , ,7,7,7,7.43,5,4.33, , , , , , ,7.43
R_PwA8CBjFixEv1kJ,0,5,lazy,dumb,intolerant,slow,boring,rednecks,lacking in culture,rude,racist,gullible,2.98714285714286,4,4,22,48, ,48,55, ,51,42,39,48,4,4,5,3.9,3.5,41,4,4,1,4,4,4,4,4,4,4,3,4,4,Male,1,25, , , , , ,1, , ,4,4,3,5,4,2,4,4,New Jersey,New Jersey, , , , , ,1, , , , , , , , , , ,1, , , ,4,3,4,3.57,3.19, ,3.19, , ,4.43,2.05,1.29,3.19
R_3m2Umieu8d0rCKR,0,5,muscular,dumb,uncouth,drink a lot,dress poorly,poor sentance structure,need dental work,insular,lazy,union loving,3.29875,2,3,55,48,42,11,50,16,5,30,22,55,4,4,4,6.5,3.125,60,2,4,1,6,7,7,7,7,7,6,6,6,6,male,1,70, , , , , ,1, , ,6,4,2,5,2,4,4,4,Texas,Texas, , , , , ,1, , , , , , , , , , ,1, , , ,2,3,4, ,3.19,2.05,3.24,3.29,4.86,4.24,1.95,3.57, 
R_1iaNzSbI2aI5U3o,0,5,Hardworking,uneducated,Poor,prideful,Dirty,Lazy,Dumb,Male,Gruff,Aggressive,4.08142857142857,4,4,15,49,36,55,50,22,48,55,55,54,5,4,8,2.6,3.375,35,2,4,1,3,3,2,2,2,4,2,4,2,2,Female,0,24, , , , , ,1, , ,4,2,2,4,5,2,4,4,Minnesota,Minnesota, , , , , ,1, , , , , , , , , , , ,1, , ,4,4,4,7.43,4.33,5, ,3.29,3.57,3.19, , ,1.76
R_82kwEHu9QuzQLyF,0,5,lazy,poorly educated,manufacturing,construction,hard working,manual labor,struggling,hourly wage,skilled trade,lower class,5.21285714285714,3,3,22,49,27,27,15,27,55,27,55, ,4,4,6,4.7,1.75,30,3,3,1,4,5,5,5,5,4,5,4,5,5,Female,0,61, , , , , ,1, , ,6,1,1,6,2,2,2,6,Rhode Island,Rhode Island, , , , , ,1, , , , , , , , , , , , ,1, ,2,2,2,3.57,4.33,5.29,5.29,7.43,5.29, ,5.29, , 
R_2pMsKRRI8gv4eNM,0,5,hourly,uneducated,factory,non savers of money,towns,drinkers,smokers,beat up cars,poor language,bad language,4.07,4,4,27,49,27,55,55,11,45,55,16,42,4,4,5,7,1,37,3,4,1,7,7,7,7,7,7,7,7,7,7,female,0,49, , , , , ,1, , ,7,1,1,7,1,1,1,7,New York,New York, , , , , ,1, , , , , , , , , , ,1, , , ,1,1,1,5.29,4.33,5.29, , ,3.24,3.43, ,4.86,2.05
R_126gce95mzwWdc1,0,5,dumb,uneducated,lazy,burly,unattractive,hick,unhealthy,smoker,drinker,rough,3.266,2,4, ,49,22,55,55, ,55,45,11,54,4,4,6,3.6,2.625,39,1,4,1,3,5,5,3,4,3,4,4,2,3,female,0,32, , ,1, , ,1, , ,5,2,2,3,2,2,2,5,NC,NC, , , , , , , , , , , , , , , , , , , , ,3,5,3, ,4.33,3.57, , , , ,3.43,3.24,1.76
R_2ZKtrnHznWiNKue,0,5,ghetto,dirty,manual,labor intensive,non-educated,poor,low wages,skilless,honestly cant think of any others, ,5.09,4,2,36,50,27,15,49,36,27,55, , ,1,4,6,2.2,1,40,4,2,1,1,1,1,4,4,4,4,1,1,1,male,1,38, , , , , ,1, , ,7,1,1,7,1,1,1,7,California,California, , , , , ,1, , , , , , , , , , ,1, , , ,1,1,1,5,3.29,5.29,7.43,4.33,5,5.29, , , 
R_1r0pzUrKbGVallu,0,5,hard working,simple,straightforward,tough,lower intelligence,stable,resilient,crude,drinker,narrow-minded,3.715,3,4,15,51,55,55,48,55,55,42,11,30,3,2,5,3.8,2.625,41,4,6,1,3,3,3,6,4,4,5,3,3,4,male,1,41, , , , , ,1, , ,6,3,3,6,3,2,3,5,north carolina,north carolina, , , ,1, , ,1, , , , , , , , , , ,1, , ,2,2,3,7.43,4.43, , ,3.19, , ,2.05,3.24,1.95
R_3PZCvy7XXW08Jlg,0,5,Redneck,Tough,Wide array talents,Stoners,Yupees,Trustworthy,Loyal,Well adjusted,Good pepole,Generous,3.81,2,8, ,55,55,53,55,55,55,55,55,55,2,3,6,6.8,3.375,72,1,6,1,7,6,7,7,7,7,6,7,7,7,Male,1,58, , , , , ,1, , ,1,1,1,1,1,2,1,1,Michigan,Illinois,1, ,1,1, , , , , , ,1,1,1,1, , , , , , ,7,7,7, , , ,3.81, , , , , , 
R_1NfzIaxWFaZh1ZB,0,5,hard worker,family person/family man,labourer,usually not a college grad,knows a trade,usually male,swears,comes home dirty,middle class/working class,dependable,4.906,5,7,15,55,15,49,55,55,42,50, ,55,4,2,7,6.3,4.5,80,5,7,1,6,5,7,7,7,7,7,4,7,6,female,0,47, , , , , ,1, , ,4,5,1,2,6,6,6,6,Florida,Florida, , , , , , , , , , , , , , , , , , , , ,4,6,2,7.43, ,7.43,4.33, , ,2.05,3.29, , 
R_3m7TA8XzjnhDtOB,0,5,criticizing more than is sometimes necessary.,being in a situation in which it is not your environment.,be more committed than usual with some people who do not involve themselves.,I have no more idea related to the topic.,I have no more idea related to the topic.,I have no more idea related to the topic.,I have no more idea related to the topic.,I have no more idea related to the topic.,I have no more idea related to the topic.,I have no more idea related to the topic.,2.05,5,5,42,55,55, , , , , , , ,3,4,6,5.5,4.5,57,4,5,1,5,5,5,5,5,6,6,6,6,6,male,1,30, , , , , ,1, , ,5,5,6,4,5,4,4,3,new york,new york, , , , , , ,1, , , , , , , , , , , , ,1,3,4,5,2.05, , , , , , , , , 
R_1gSFFLmEvzgIhzC,0,5,stupid,unhealthy,Ill,poor,drink,hardworking,strong,important,replacable,common,5.025,4,4, ,55,55,36,11,15,55,55,55,51,4,2,7,3.9,2.75,67,1,1,1,4,4,4,4,3,4,4,4,4,4,female,0,22, , , , , ,1, , ,5,3,3,6,3,3,3,6,PA,PA, , , , , , , , , , , , , , , , , , , , ,3,2,2, , , ,5,3.24,7.43, , , ,4.43
R_1pGyEEzXxUp1XW8,0,5,Untidy,Strong,Social,Cultured,Skilled,Uneducated, , , , ,3.81,3,3,50,55,55,55,55,49, , , , ,4,4,8,6.66666666666667,4.625,13,2,3,1,7,7,7,7,6, ,7,6,6,7,Female,0,27, , , , , ,1, , ,6,6,5,3,6,5,6,6,Carlifonia,New York, , , , , ,1, , , , , ,1, , , , , , , , ,2,5,2,3.29, , , , ,4.33, , , , 
R_1fkCIQ9x3IncGNj,0,5,Friendly,happy,energetic,interesting,low paid, , , , , ,5.29,4,5,55,55,55,55,27, , , , , ,4,4,7,5.7,3,41,1,2,1,6,6,6,6,6,6,6,3,6,6,Female,0,64, , , , , ,1, , ,6,4,1,6,4,5,4,6,Ohio,Ohio, , , , , ,1, , , , , , , , , , ,1, , , ,2,2,2, , , , ,5.29, , , , , 
R_3QDfrDaTuO9DdyP,0,5,Blue collar workers hate their jobs.,Blue collar workers are mostly men.,Blue collar workers cheat on their spouses.,They are not happy with their lives overall,Blue collar women are vulgar.,They are racist individuals.,Blue collar workers are lazy and unmotivated,Blue collar workers are overweight.,Blue collar workers are unclean.,Blue collar workers are not smart.,3,6,6,55,55,55,55,42,39,22,33,4,48,2,3,6,3.3,2.75,70,5,7,1,2,3,2,4,3,4,3,6,2,4,F,0,25, , , , , ,1, , ,5,3,2,5,2,2,3,4,KS,KS, , , , , ,1, , , , ,1, , ,1, , , , , , ,3,3,4, , , , ,2.05,1.29,3.57,4.95,2.95,3.19
